{"stats":{"minecraft:broken":{"minecraft:iron_sword":1},"minecraft:used":{"minecraft:rose_bush":1,"minecraft:poppy":1,"minecraft:spruce_planks":44,"minecraft:shield":40,"minecraft:iron_sword":249,"argentinas_delight:yerbamate":1,"minecraft:iron_chestplate":1,"minecraft:torch":2,"minecraft:dirt":50,"minecraft:allium":6,"minecraft:azure_bluet":1,"minecraft:spruce_boat":2,"born_in_chaos_v1:corpse_maggot":4,"quark:spruce_chest":1,"minecraft:lantern":3,"minecraft:iron_axe":100,"kawaiidishes:dark_brown_shoes":1,"minecraft:sweet_berries":8,"minecraft:iron_leggings":1,"minecraft:calcite":2,"minecraft:water_bucket":1,"farmersdelight:iron_knife":20,"epicfight:skillbook":2,"minecraft:diorite":3,"minecraft:stone_pickaxe":50,"minecraft:wooden_pickaxe":6,"born_in_chaos_v1:black_argillite_brick_stairs":1,"farmersdelight:onion":1,"minecraft:crafting_table":3,"bakery:strawberry":2,"minecraft:white_bed":1,"some_assembly_required:sandwich":13,"cfm:spruce_table":1,"minecraft:cake":1,"minecraft:spruce_log":12,"supplementaries:cage":1,"minecraft:apple":1,"minecraft:dark_oak_log":1,"minecraft:sunflower":6,"minecraft:bread":16,"minecraft:melon_slice":14,"minecraft:string":1,"minecraft:spruce_trapdoor":1,"minecraft:gravel":7,"minecraft:cobblestone":2,"minecraft:bucket":1},"minecraft:killed_by":{"minecraft:husk":5,"minecraft:player":3,"minecraft:pillager":1,"born_in_chaos_v1:corpse_fly":1,"minecraft:zombie":2,"minecraft:cow":1,"born_in_chaos_v1:maggot":1},"minecraft:killed":{"born_in_chaos_v1:restless_spirit":1,"minecraft:spider":3,"minecraft:vindicator":3,"alexsmobs:seagull":2,"born_in_chaos_v1:thornshell_crab":1,"born_in_chaos_v1:zombie_bruiser":1,"born_in_chaos_v1:maggot":7,"minecraft:skeleton":4,"born_in_chaos_v1:firelight_not_despawn":3,"born_in_chaos_v1:barrel_zombie":1,"minecraft:husk":19,"minecraft:pig":2,"born_in_chaos_v1:baby_skeleton":1,"alexsmobs:seal":2,"born_in_chaos_v1:decrepit_skeleton":1,"minecraft:sheep":1,"minecraft:pillager":11,"minecraft:goat":1,"minecraft:zombie":15,"born_in_chaos_v1:dread_hound":2,"born_in_chaos_v1:corpse_fly":1,"alexsmobs:fly":1,"minecraft:cow":6},"minecraft:picked_up":{"minecraft:allium":6,"minecraft:azure_bluet":1,"minecraft:gold_block":3,"butchercraft:pork_scraps":5,"minecraft:shield":2,"minecraft:string":3,"minecraft:raw_copper":2,"memory_of_the_past:better_drop_of_knowledge":22,"quark:bonded_leather":1,"minecraft:spruce_planks":18,"minecraft:rose_bush":4,"minecraft:calcite":2,"minecraft:poppy":1,"supplementaries:cage":2,"minecraft:melon_slice":74,"minecraft:spruce_trapdoor":1,"farmersdelight:cabbage_seeds":3,"minecraft:stick":14,"epicfight:skillbook":1,"minecraft:torch":2,"kawaiidishes:dark_brown_shoes":1,"minecraft:spruce_stairs":1,"born_in_chaos_v1:black_argillite_brick_stairs":1,"create:hand_crank":1,"minecraft:diorite":3,"born_in_chaos_v1:pieceofdarkmetal":1,"minecraft:carrot":6,"minecraft:arrow":8,"minecraft:diamond_chestplate":1,"minecraft:rotten_flesh":69,"artifacts:villager_hat":1,"farmersdelight:onion":2,"minecraft:shears":1,"minecraft:iron_block":5,"born_in_chaos_v1:spiny_shell":4,"minecraft:totem_of_undying":1,"butchercraft:beef_scraps":6,"minecraft:iron_bars":15,"minecraft:cobblestone":7,"minecraft:sponge":3,"born_in_chaos_v1:corpse_maggot":12,"memory_of_the_past:lesser_drop_of_knowledge":81,"minecraft:feather":5,"born_in_chaos_v1:monster_flesh":2,"minecraft:leather":36,"kawaiidishes:cyan_headband_horns_purple":2,"minecraft:flint":1,"minecraft:dirt":62,"minecraft:lantern":3,"minecraft:bone":4,"farmersdelight:iron_knife":1,"minecraft:wheat_seeds":6,"born_in_chaos_v1:chipped_black_argillite_brick":1,"minecraft:iron_ingot":3,"fruitstack:corpse":19,"kitchenkarrot:pillager_pie":8,"bakery:strawberry":2,"create:mechanical_bearing":2,"minecraft:dark_oak_slab":1,"minecraft:sweet_berries":2,"quark:glass_item_frame":1,"minecraft:gravel":7,"quark:dark_oak_ladder":1,"minecraft:ink_sac":2,"argentinas_delight:hojasdemate":25,"kawaiidishes:bunny_suit_white_tail":1,"minecraft:blast_furnace":8,"minecraft:white_bed":2,"minecraft:spruce_log":3,"argentinas_delight:yerbamate":5,"minecraft:spider_eye":1,"minecraft:dark_oak_log":1,"alexsmobs:bison_carpet":2,"butchercraft:leather_scrap":2,"minecraft:pumpkin_seeds":2,"minecraft:dried_kelp_block":2,"born_in_chaos_v1:fire_dust":5,"minecraft:spruce_boat":2,"minecraft:crossbow":1,"butchercraft:lamb_scraps":1,"minecraft:bread":32,"cfm:spruce_table":5,"alexsmobs:maggot":2,"born_in_chaos_v1:rotten_fish":3,"minecraft:coal":1,"memory_of_the_past:great_drop_of_knowledge":3,"minecraft:sunflower":6},"minecraft:custom":{"minecraft:mob_kills":91,"minecraft:interact_with_crafting_table":18,"minecraft:open_barrel":46,"minecraft:damage_dealt_resisted":80,"minecraft:eat_cake_slice":2,"minecraft:leave_game":2,"minecraft:time_since_death":47271,"minecraft:climb_one_cm":10792,"minecraft:sprint_one_cm":474202,"minecraft:walk_one_cm":634932,"minecraft:damage_blocked_by_shield":1251,"minecraft:drop":180,"minecraft:play_noteblock":1,"minecraft:talked_to_villager":1,"minecraft:play_time":126533,"minecraft:deaths":15,"minecraft:sneak_time":4025,"minecraft:walk_under_water_one_cm":6040,"minecraft:boat_one_cm":79757,"minecraft:jump":2601,"minecraft:interact_with_blast_furnace":1,"minecraft:walk_on_water_one_cm":6566,"minecraft:total_world_time":126533,"minecraft:interact_with_furnace":2,"minecraft:sleep_in_bed":4,"minecraft:time_since_rest":497,"minecraft:waystone_activated":1,"minecraft:damage_taken":5443,"minecraft:trigger_trapped_chest":6,"minecraft:damage_dealt":36991,"minecraft:swim_one_cm":12332,"minecraft:fly_one_cm":751661,"minecraft:open_chest":56,"minecraft:crouch_one_cm":21607,"minecraft:fall_one_cm":64727},"minecraft:crafted":{"cfm:spruce_table":4,"minecraft:iron_boots":1,"minecraft:leather":9,"minecraft:stone_pickaxe":1,"minecraft:spruce_boat":1,"quark:spruce_chest":1,"minecraft:crafting_table":3,"minecraft:spruce_planks":68,"farmersdelight:iron_knife":1,"minecraft:iron_helmet":1,"minecraft:wooden_pickaxe":1,"minecraft:iron_sword":1,"minecraft:shield":1,"minecraft:stick":12,"minecraft:iron_ingot":42,"minecraft:gold_ingot":27,"minecraft:iron_leggings":1,"minecraft:shears":1},"minecraft:mined":{"minecraft:dark_oak_planks":1,"minecraft:spruce_planks":18,"minecraft:white_bed":2,"farmersdelight:wild_carrots":6,"minecraft:dark_oak_log":2,"argentinas_delight:hojasdemate":25,"minecraft:grass_block":16,"minecraft:spawner":4,"farmersdelight:wild_onions":2,"quark:bonded_leather":1,"minecraft:fire":1,"born_in_chaos_v1:black_argillite_brick_stairs":1,"biomesoplenty:lavender":1,"minecraft:azure_bluet":1,"minecraft:iron_bars":3,"minecraft:lantern":2,"create:red_seat":1,"minecraft:stone":6,"supplementaries:wall_lantern":3,"alexsmobs:bison_carpet":2,"minecraft:dandelion":1,"minecraft:powder_snow":2,"minecraft:blast_furnace":8,"minecraft:sponge":2,"minecraft:calcite":3,"minecraft:rose_bush":1,"minecraft:tall_grass":2,"minecraft:cobblestone":3,"born_in_chaos_v1:chipped_black_argillite_brick":1,"minecraft:dried_kelp_block":2,"biomesoplenty:sprout":4,"minecraft:diorite":3,"supplementaries:cage":1,"minecraft:dark_oak_slab":4,"minecraft:sweet_berry_bush":1,"minecraft:spruce_log":5,"minecraft:grass":20,"create:mechanical_bearing":1,"minecraft:coal_ore":1,"biomesoplenty:fir_leaves":3,"minecraft:sunflower":4,"minecraft:gravel":8,"minecraft:dirt":31,"minecraft:fern":1},"minecraft:dropped":{"minecraft:bread":30,"farmersdelight:iron_knife":1,"butchercraft:beef_scraps":6,"butchercraft:leather_scrap":2,"minecraft:wheat_seeds":6,"butchercraft:pork_scraps":5,"memory_of_the_past:better_drop_of_knowledge":8,"minecraft:dark_oak_slab":1,"minecraft:crossbow":1,"minecraft:iron_helmet":1,"minecraft:feather":5,"minecraft:cobblestone":2,"kitchenkarrot:pillager_pie":8,"minecraft:leather":36,"born_in_chaos_v1:pieceofdarkmetal":1,"minecraft:spruce_stairs":1,"minecraft:golden_apple":1,"quark:glass_item_frame":1,"minecraft:stick":17,"minecraft:flint":1,"minecraft:dried_kelp_block":2,"butchercraft:lamb_scraps":1,"born_in_chaos_v1:monster_flesh":2,"minecraft:dirt":12,"minecraft:ink_sac":2,"minecraft:melon_slice":19,"memory_of_the_past:lesser_drop_of_knowledge":20,"minecraft:rose_bush":3,"kawaiidishes:bunny_suit_white_tail":1,"minecraft:potion":1,"minecraft:string":2,"minecraft:bone":4,"alexsmobs:maggot":4,"born_in_chaos_v1:fire_dust":2,"alexsmobs:animal_dictionary":1,"minecraft:raw_copper":2,"born_in_chaos_v1:rotten_fish":3,"farmersdelight:cabbage_seeds":9,"fruitstack:corpse":14,"minecraft:rotten_flesh":69,"artifacts:villager_hat":1,"kawaiidishes:cyan_headband_horns_purple":1,"cfm:spruce_table":8,"minecraft:totem_of_undying":1,"minecraft:shears":1,"create:mechanical_bearing":1,"minecraft:pumpkin_seeds":4,"supplementaries:cage":1,"minecraft:spruce_boat":1,"minecraft:shield":2,"born_in_chaos_v1:spiny_shell":4,"quark:dark_oak_ladder":1,"alexsmobs:bison_carpet":2,"some_assembly_required:sandwich":4,"minecraft:iron_chestplate":1,"born_in_chaos_v1:corpse_maggot":6,"minecraft:spider_eye":1,"pfm:furniture_book":1,"minecraft:iron_bars":10,"minecraft:arrow":8,"minecraft:wooden_pickaxe":1}},"DataVersion":3120}