{"stats":{"minecraft:dropped":{"minecraft:wheat_seeds":2,"memory_of_the_past:better_drop_of_knowledge":2,"minecraft:cobblestone":1,"born_in_chaos_v1:rotten_fish":2,"minecraft:iron_helmet":1,"minecraft:rotten_flesh":10,"fruitstack:corpse":3,"minecraft:stick":2,"born_in_chaos_v1:monster_flesh":2,"minecraft:dirt":12,"some_assembly_required:sandwich":4,"minecraft:iron_chestplate":1,"memory_of_the_past:lesser_drop_of_knowledge":7,"born_in_chaos_v1:corpse_maggot":3,"minecraft:potion":1,"pfm:furniture_book":1,"minecraft:wooden_pickaxe":1,"minecraft:bone":1},"minecraft:mined":{"minecraft:blast_furnace":8,"minecraft:grass_block":16,"minecraft:calcite":1,"minecraft:rose_bush":1,"biomesoplenty:sprout":3,"minecraft:spawner":1,"farmersdelight:wild_onions":2,"minecraft:spruce_log":1,"minecraft:azure_bluet":1,"minecraft:grass":3,"minecraft:coal_ore":1,"biomesoplenty:fir_leaves":3,"minecraft:lantern":2,"minecraft:sunflower":4,"minecraft:gravel":8,"minecraft:dirt":31,"minecraft:stone":6,"supplementaries:wall_lantern":1,"minecraft:fern":1},"minecraft:used":{"minecraft:calcite":1,"minecraft:rose_bush":1,"minecraft:stone_pickaxe":24,"minecraft:poppy":1,"minecraft:spruce_planks":5,"minecraft:wooden_pickaxe":6,"minecraft:iron_sword":2,"minecraft:iron_chestplate":1,"minecraft:torch":1,"farmersdelight:onion":1,"minecraft:dirt":33,"minecraft:crafting_table":1,"minecraft:allium":6,"some_assembly_required:sandwich":7,"minecraft:cake":1,"cfm:spruce_table":1,"minecraft:azure_bluet":1,"born_in_chaos_v1:corpse_maggot":4,"minecraft:sunflower":6,"minecraft:lantern":2,"minecraft:spruce_trapdoor":1,"minecraft:gravel":7,"minecraft:cobblestone":2,"minecraft:sweet_berries":2},"minecraft:killed":{"minecraft:husk":3,"born_in_chaos_v1:baby_skeleton":1,"alexsmobs:seal":1,"minecraft:skeleton":2,"minecraft:zombie":2,"born_in_chaos_v1:dread_hound":1,"born_in_chaos_v1:corpse_fly":1},"minecraft:killed_by":{"minecraft:husk":2,"minecraft:player":1,"minecraft:zombie":1,"born_in_chaos_v1:corpse_fly":1},"minecraft:picked_up":{"memory_of_the_past:lesser_drop_of_knowledge":18,"born_in_chaos_v1:corpse_maggot":7,"minecraft:allium":6,"minecraft:azure_bluet":1,"born_in_chaos_v1:monster_flesh":2,"minecraft:flint":1,"minecraft:dirt":45,"minecraft:lantern":3,"memory_of_the_past:better_drop_of_knowledge":2,"minecraft:bone":2,"minecraft:wheat_seeds":2,"minecraft:rose_bush":1,"minecraft:calcite":1,"minecraft:poppy":1,"minecraft:spruce_trapdoor":1,"fruitstack:corpse":8,"minecraft:stick":5,"minecraft:sweet_berries":2,"minecraft:torch":1,"minecraft:gravel":7,"minecraft:blast_furnace":8,"minecraft:arrow":2,"minecraft:rotten_flesh":10,"farmersdelight:onion":2,"born_in_chaos_v1:rotten_fish":2,"minecraft:coal":1,"minecraft:cobblestone":6,"minecraft:sunflower":6},"minecraft:crafted":{"minecraft:crafting_table":1,"minecraft:spruce_planks":48,"minecraft:wooden_pickaxe":1,"minecraft:iron_sword":1,"cfm:spruce_table":4,"minecraft:shield":1,"minecraft:stick":8,"minecraft:stone_pickaxe":1},"minecraft:custom":{"minecraft:interact_with_furnace":2,"minecraft:mob_kills":11,"minecraft:interact_with_crafting_table":6,"minecraft:open_barrel":14,"minecraft:time_since_death":8536,"minecraft:sleep_in_bed":1,"minecraft:climb_one_cm":4189,"minecraft:time_since_rest":8558,"minecraft:waystone_activated":1,"minecraft:sprint_one_cm":149178,"minecraft:damage_taken":1616,"minecraft:walk_one_cm":266552,"minecraft:drop":40,"minecraft:damage_dealt":2517,"minecraft:play_noteblock":1,"minecraft:swim_one_cm":4527,"minecraft:fly_one_cm":237534,"minecraft:open_chest":22,"minecraft:crouch_one_cm":8318,"minecraft:play_time":50779,"minecraft:deaths":5,"minecraft:sneak_time":1589,"minecraft:walk_under_water_one_cm":1043,"minecraft:jump":897,"minecraft:interact_with_blast_furnace":1,"minecraft:walk_on_water_one_cm":729,"minecraft:total_world_time":50779,"minecraft:fall_one_cm":25522}},"DataVersion":3120}