{"stats":{"minecraft:broken":{"minecraft:iron_sword":1,"minecraft:iron_axe":1},"minecraft:killed_by":{"minecraft:wither_skeleton":1,"minecraft:pillager":1,"born_in_chaos_v1:corpse_fly":1,"minecraft:cave_spider":4,"minecraft:zombie":2,"minecraft:cow":1,"minecraft:husk":5,"minecraft:player":3,"born_in_chaos_v1:maggot":1},"minecraft:used":{"minecraft:spruce_slab":1,"minecraft:poppy":1,"minecraft:shield":46,"minecraft:iron_sword":249,"minecraft:iron_chestplate":1,"minecraft:allium":6,"create:depot":1,"minecraft:azure_bluet":1,"minecraft:spruce_boat":2,"born_in_chaos_v1:corpse_maggot":4,"minecraft:lantern":3,"minecraft:written_book":1,"minecraft:sweet_berries":8,"ascendant_mobs:territorialsoilblock":1,"epicfight:skillbook":2,"minecraft:diorite":3,"minecraft:stone_pickaxe":50,"minecraft:wooden_pickaxe":6,"supplementaries:candle_holder":2,"minecraft:blast_furnace":3,"some_assembly_required:sandwich":13,"cfm:spruce_table":1,"minecraft:dark_oak_log":1,"minecraft:melon_slice":18,"minecraft:bread":22,"minecraft:string":1,"quark:soul_bead":1,"minecraft:gravel":7,"minecraft:smooth_stone_slab":6,"minecraft:rose_bush":1,"minecraft:spruce_planks":62,"supplementaries:candle_holder_black":1,"argentinas_delight:yerbamate":1,"minecraft:torch":2,"minecraft:dirt":50,"quark:spruce_chest":1,"minecraft:iron_axe":171,"kawaiidishes:dark_brown_shoes":1,"minecraft:iron_leggings":1,"minecraft:calcite":2,"farmersdelight:iron_knife":35,"minecraft:water_bucket":1,"born_in_chaos_v1:black_argillite_brick_stairs":1,"farmersdelight:onion":1,"minecraft:crafting_table":3,"minecraft:red_bed":2,"bakery:strawberry":2,"minecraft:white_bed":1,"minecraft:cake":1,"minecraft:spruce_log":12,"minecraft:diamond_pickaxe":7,"minecraft:apple":1,"supplementaries:cage":1,"minecraft:sunflower":6,"minecraft:iron_pickaxe":15,"minecraft:spruce_trapdoor":1,"minecraft:cobblestone":4,"minecraft:bucket":1,"create:hand_crank":1},"minecraft:killed":{"minecraft:cave_spider":10,"born_in_chaos_v1:restless_spirit":1,"minecraft:spider":3,"minecraft:skeleton":4,"born_in_chaos_v1:firelight_not_despawn":3,"minecraft:pig":2,"alexsmobs:seal":2,"minecraft:sheep":1,"minecraft:pillager":11,"minecraft:goat":1,"minecraft:zombie":15,"born_in_chaos_v1:dread_hound":2,"born_in_chaos_v1:corpse_fly":1,"alexsmobs:fly":1,"minecraft:cow":6,"minecraft:vindicator":3,"alexsmobs:seagull":2,"born_in_chaos_v1:thornshell_crab":1,"born_in_chaos_v1:zombie_bruiser":1,"born_in_chaos_v1:maggot":7,"born_in_chaos_v1:barrel_zombie":1,"minecraft:husk":19,"born_in_chaos_v1:baby_skeleton":1,"born_in_chaos_v1:decrepit_skeleton":1,"quark:wraith":1},"minecraft:picked_up":{"ascendant_mobs:territorialsoilblock":1,"butchercraft:pork_scraps":5,"create:cut_tuff_slab":1,"supplementaries:candle_holder":2,"minecraft:string":23,"minecraft:raw_copper":2,"minecraft:smooth_stone_slab":6,"minecraft:spruce_planks":23,"minecraft:rose_bush":4,"minecraft:calcite":2,"minecraft:iron_pickaxe":2,"minecraft:melon_slice":74,"farmersdelight:cabbage_seeds":3,"minecraft:stick":14,"minecraft:torch":2,"minecraft:spruce_stairs":1,"epicfight:skillbook":1,"minecraft:diorite":3,"born_in_chaos_v1:black_argillite_brick_stairs":1,"minecraft:rotten_flesh":69,"farmersdelight:onion":2,"artifacts:villager_hat":1,"minecraft:iron_block":5,"minecraft:iron_bars":17,"minecraft:cobblestone":9,"minecraft:sponge":3,"minecraft:feather":5,"minecraft:repeater":1,"minecraft:flint":1,"minecraft:dirt":62,"minecraft:lantern":3,"minecraft:bone":4,"farmersdelight:iron_knife":1,"minecraft:wheat_seeds":6,"quark:soul_bead":1,"fruitstack:corpse":25,"kitchenkarrot:pillager_pie":8,"quark:dark_oak_ladder":1,"minecraft:sand":1,"minecraft:ink_sac":2,"argentinas_delight:yerbamate":5,"alexsmobs:bison_carpet":8,"minecraft:dark_oak_log":1,"born_in_chaos_v1:fire_dust":5,"minecraft:spruce_boat":2,"minecraft:crossbow":1,"minecraft:bread":32,"alexsmobs:maggot":2,"born_in_chaos_v1:rotten_fish":3,"minecraft:charcoal":4,"minecraft:allium":6,"minecraft:azure_bluet":1,"minecraft:gold_block":3,"minecraft:shield":2,"minecraft:red_bed":2,"memory_of_the_past:better_drop_of_knowledge":27,"quark:bonded_leather":1,"minecraft:poppy":1,"minecraft:spruce_slab":1,"supplementaries:cage":2,"minecraft:spruce_trapdoor":1,"kawaiidishes:dark_brown_shoes":1,"create:hand_crank":1,"born_in_chaos_v1:pieceofdarkmetal":1,"minecraft:carrot":6,"minecraft:redstone":4,"create:cut_tuff":2,"minecraft:arrow":8,"minecraft:diamond_chestplate":1,"minecraft:shears":1,"create:depot":1,"born_in_chaos_v1:spiny_shell":4,"minecraft:gold_ingot":6,"minecraft:totem_of_undying":1,"butchercraft:beef_scraps":6,"minecraft:white_wool":6,"memory_of_the_past:lesser_drop_of_knowledge":87,"born_in_chaos_v1:corpse_maggot":12,"born_in_chaos_v1:monster_flesh":2,"minecraft:leather":38,"kawaiidishes:cyan_headband_horns_purple":2,"minecraft:iron_ingot":3,"born_in_chaos_v1:chipped_black_argillite_brick":1,"quark:redstone_randomizer":1,"bakery:strawberry":2,"create:mechanical_bearing":2,"minecraft:dark_oak_slab":1,"minecraft:sweet_berries":2,"quark:glass_item_frame":1,"minecraft:gravel":7,"minecraft:blast_furnace":15,"kawaiidishes:bunny_suit_white_tail":1,"argentinas_delight:hojasdemate":25,"minecraft:white_bed":2,"minecraft:spruce_log":3,"minecraft:spider_eye":7,"butchercraft:leather_scrap":2,"minecraft:pumpkin_seeds":2,"minecraft:dried_kelp_block":2,"butchercraft:lamb_scraps":1,"cfm:spruce_table":5,"memory_of_the_past:great_drop_of_knowledge":3,"minecraft:coal":1,"minecraft:sunflower":6},"minecraft:custom":{"minecraft:interact_with_crafting_table":23,"minecraft:open_barrel":52,"minecraft:eat_cake_slice":2,"minecraft:leave_game":2,"minecraft:time_since_death":6718,"minecraft:sprint_one_cm":657720,"minecraft:damage_blocked_by_shield":1724,"minecraft:drop":199,"minecraft:play_noteblock":1,"minecraft:talked_to_villager":2,"minecraft:play_time":162533,"minecraft:deaths":20,"minecraft:jump":3358,"minecraft:walk_on_water_one_cm":6566,"minecraft:interact_with_furnace":2,"minecraft:sleep_in_bed":6,"minecraft:waystone_activated":1,"minecraft:damage_dealt":46834,"minecraft:crouch_one_cm":32783,"minecraft:mob_kills":102,"minecraft:damage_dealt_resisted":80,"minecraft:climb_one_cm":27778,"minecraft:walk_one_cm":874222,"minecraft:sneak_time":6174,"minecraft:walk_under_water_one_cm":6040,"minecraft:boat_one_cm":79757,"minecraft:interact_with_blast_furnace":4,"minecraft:total_world_time":162533,"minecraft:time_since_rest":1243,"minecraft:damage_taken":6982,"minecraft:trigger_trapped_chest":10,"minecraft:swim_one_cm":12332,"minecraft:fly_one_cm":992599,"minecraft:open_chest":86,"minecraft:fall_one_cm":79625},"minecraft:crafted":{"magistuarmory:iron_shortsword":1,"cfm:spruce_table":4,"minecraft:iron_boots":1,"minecraft:crafting_table":3,"minecraft:spruce_planks":88,"farmersdelight:iron_knife":1,"minecraft:wooden_pickaxe":1,"minecraft:iron_helmet":1,"minecraft:diamond_pickaxe":1,"minecraft:shield":1,"minecraft:stick":20,"minecraft:iron_ingot":42,"minecraft:gold_ingot":27,"minecraft:shears":1,"magistuarmory:leather_strip":6,"minecraft:redstone":27,"magistuarmory:hilt":1,"minecraft:leather":9,"minecraft:iron_axe":1,"minecraft:stone_pickaxe":1,"magistuarmory:iron_bastardsword":1,"minecraft:spruce_boat":1,"quark:spruce_chest":1,"minecraft:iron_sword":1,"minecraft:iron_leggings":1},"minecraft:mined":{"minecraft:dark_oak_planks":1,"minecraft:spruce_planks":23,"minecraft:white_bed":2,"quark:orange_blossom_leaves":7,"supplementaries:candle_holder":2,"minecraft:spruce_trapdoor":10,"argentinas_delight:hojasdemate":25,"minecraft:grass_block":16,"minecraft:spawner":6,"minecraft:fire":1,"born_in_chaos_v1:black_argillite_brick_stairs":1,"biomesoplenty:lavender":1,"minecraft:azure_bluet":1,"minecraft:iron_bars":3,"create:red_seat":1,"minecraft:spruce_slab":4,"alexsmobs:bison_carpet":15,"minecraft:brown_mushroom":1,"minecraft:red_bed":1,"minecraft:powder_snow":2,"create:cut_tuff_slab":2,"minecraft:blast_furnace":9,"minecraft:calcite":3,"minecraft:cobblestone":5,"minecraft:dark_oak_slab":4,"minecraft:smooth_stone_slab":5,"minecraft:grass":20,"minecraft:sand":2,"minecraft:dirt":31,"farmersdelight:wild_carrots":6,"minecraft:dark_oak_log":2,"create:depot":1,"minecraft:redstone_wire":4,"farmersdelight:wild_onions":2,"quark:bonded_leather":1,"minecraft:oak_trapdoor":1,"minecraft:lantern":2,"supplementaries:netherite_trapdoor":1,"minecraft:stone":6,"supplementaries:wall_lantern":3,"minecraft:dandelion":1,"minecraft:sponge":2,"minecraft:rose_bush":1,"minecraft:campfire":2,"minecraft:tall_grass":2,"born_in_chaos_v1:chipped_black_argillite_brick":1,"minecraft:dried_kelp_block":2,"biomesoplenty:sprout":5,"minecraft:diorite":3,"supplementaries:cage":1,"supplementaries:urn":2,"minecraft:sweet_berry_bush":1,"minecraft:spruce_log":5,"ascendant_mobs:territorialsoilblock":1,"supplementaries:netherite_door":1,"minecraft:coal_ore":1,"create:mechanical_bearing":1,"biomesoplenty:fir_leaves":3,"minecraft:sunflower":4,"minecraft:gravel":8,"minecraft:cobweb":1,"minecraft:fern":1},"minecraft:dropped":{"farmersdelight:iron_knife":1,"butchercraft:beef_scraps":6,"butchercraft:leather_scrap":2,"minecraft:dark_oak_slab":1,"minecraft:crossbow":1,"minecraft:leather":38,"kitchenkarrot:pillager_pie":8,"born_in_chaos_v1:pieceofdarkmetal":1,"minecraft:flint":1,"born_in_chaos_v1:monster_flesh":2,"minecraft:dirt":12,"kawaiidishes:bunny_suit_white_tail":1,"minecraft:axolotl_bucket":1,"minecraft:gold_ingot":6,"minecraft:bone":4,"born_in_chaos_v1:fire_dust":2,"alexsmobs:animal_dictionary":1,"minecraft:rotten_flesh":69,"fruitstack:corpse":25,"artifacts:villager_hat":1,"kawaiidishes:cyan_headband_horns_purple":1,"cfm:spruce_table":8,"create:mechanical_bearing":1,"alexsmobs:bison_carpet":2,"born_in_chaos_v1:chipped_black_argillite_brick":1,"born_in_chaos_v1:corpse_maggot":6,"create:cut_tuff_slab":1,"minecraft:iron_bars":12,"minecraft:arrow":8,"minecraft:bread":30,"minecraft:wheat_seeds":6,"butchercraft:pork_scraps":5,"memory_of_the_past:better_drop_of_knowledge":8,"minecraft:feather":5,"minecraft:iron_helmet":1,"minecraft:cobblestone":2,"minecraft:spruce_stairs":1,"minecraft:golden_apple":1,"quark:glass_item_frame":1,"minecraft:stick":17,"butchercraft:lamb_scraps":1,"minecraft:dried_kelp_block":2,"minecraft:ink_sac":2,"minecraft:repeater":1,"memory_of_the_past:lesser_drop_of_knowledge":20,"minecraft:rose_bush":3,"minecraft:melon_slice":19,"minecraft:potion":1,"quark:soul_bead":1,"minecraft:iron_axe":1,"minecraft:string":12,"alexsmobs:maggot":4,"minecraft:raw_copper":2,"farmersdelight:cabbage_seeds":9,"born_in_chaos_v1:rotten_fish":3,"minecraft:totem_of_undying":1,"minecraft:shears":1,"minecraft:pumpkin_seeds":4,"supplementaries:cage":1,"minecraft:blast_furnace":6,"minecraft:spruce_boat":1,"minecraft:shield":2,"quark:dark_oak_ladder":1,"some_assembly_required:sandwich":4,"minecraft:iron_chestplate":1,"born_in_chaos_v1:spiny_shell":4,"minecraft:spider_eye":1,"create:cut_tuff":2,"pfm:furniture_book":1,"minecraft:stone_pickaxe":1,"minecraft:wooden_pickaxe":1}},"DataVersion":3120}