{"stats":{"minecraft:broken":{"minecraft:iron_sword":1,"minecraft:iron_axe":1},"minecraft:killed_by":{"minecraft:wither_skeleton":1,"minecraft:pillager":1,"born_in_chaos_v1:corpse_fly":1,"minecraft:cave_spider":4,"minecraft:zombie":2,"minecraft:cow":1,"minecraft:husk":5,"minecraft:player":4,"born_in_chaos_v1:maggot":1},"minecraft:used":{"minecraft:iron_shovel":42,"minecraft:spruce_slab":19,"minecraft:poppy":1,"butchercraft:butcher_knife":1,"farmersdelight:stove":2,"minecraft:shield":50,"minecraft:white_terracotta":15,"minecraft:iron_sword":249,"minecraft:player_head":1,"minecraft:iron_chestplate":1,"create:cogwheel":2,"minecraft:brick_slab":50,"minecraft:carrot":2,"minecraft:allium":6,"create:depot":1,"minecraft:azure_bluet":1,"magistuarmory:iron_bastardsword":119,"minecraft:glass":2,"minecraft:spruce_boat":2,"born_in_chaos_v1:corpse_maggot":4,"minecraft:lantern":18,"create:millstone":2,"connectedglass:borderless_glass_pane":6,"farmersdelight:cutting_board":2,"minecraft:sweet_berries":8,"minecraft:written_book":1,"minecraft:furnace":1,"ascendant_mobs:territorialsoilblock":1,"epicfight:skillbook":2,"minecraft:diorite":3,"butchercraft:meat_hook_item":2,"minecraft:stone_pickaxe":50,"minecraft:wooden_pickaxe":6,"biomesoplenty:flowering_oak_sapling":5,"supplementaries:candle_holder":2,"minecraft:blast_furnace":6,"bakery:kitchen_sink":2,"some_assembly_required:sandwich":17,"cfm:spruce_table":1,"pfm:working_table":1,"minecraft:dark_oak_log":1,"minecraft:melon_slice":27,"minecraft:string":1,"minecraft:bread":31,"quark:shingles_stairs":3,"quark:cobblestone_bricks_stairs":1,"minecraft:gravel":7,"quark:soul_bead":1,"minecraft:smooth_stone_slab":6,"minecraft:rose_bush":2,"minecraft:granite_stairs":7,"minecraft:spruce_planks":90,"supplementaries:candle_holder_black":1,"argentinas_delight:yerbamate":1,"minecraft:torch":2,"minecraft:dirt":64,"minecraft:spruce_stairs":8,"minecraft:granite":1,"quark:white_shingles":4,"minecraft:spruce_fence":6,"supplementaries:doormat":1,"quark:spruce_chest":1,"minecraft:iron_axe":303,"minecraft:brick_stairs":11,"kawaiidishes:dark_brown_shoes":1,"connectedglass:borderless_glass":5,"fruitstack:iron_fruit_knife":8,"butchercraft:sheep_head_item":1,"minecraft:iron_leggings":1,"minecraft:calcite":2,"minecraft:cooked_mutton":7,"farmersdelight:iron_knife":35,"minecraft:water_bucket":2,"supplementaries:sack":2,"born_in_chaos_v1:black_argillite_brick_stairs":1,"butchercraft:pork_scraps":1,"farmersdelight:onion":1,"minecraft:oak_slab":3,"minecraft:crafting_table":3,"minecraft:red_bed":2,"bakery:strawberry":2,"minecraft:white_bed":1,"fruitstack:september_melon":11,"minecraft:spruce_log":12,"minecraft:cake":1,"minecraft:oak_log":27,"minecraft:diamond_pickaxe":7,"supplementaries:cage":1,"minecraft:apple":2,"minecraft:oxeye_daisy":1,"minecraft:sunflower":6,"minecraft:iron_pickaxe":84,"minecraft:spruce_trapdoor":4,"quark:light_gray_framed_glass_pane":3,"minecraft:cobblestone":4,"travelersbackpack:standard":5,"quark:spruce_ladder":1,"minecraft:bucket":1,"quark:oak_leaf_carpet":1,"create:hand_crank":2},"minecraft:killed":{"minecraft:cave_spider":10,"born_in_chaos_v1:restless_spirit":1,"minecraft:spider":4,"minecraft:skeleton":4,"born_in_chaos_v1:firelight_not_despawn":3,"minecraft:pig":3,"alexsmobs:seal":2,"minecraft:sheep":2,"minecraft:pillager":13,"minecraft:goat":4,"minecraft:zombie":18,"born_in_chaos_v1:dread_hound":2,"born_in_chaos_v1:corpse_fly":1,"alexsmobs:fly":1,"minecraft:cow":13,"minecraft:vindicator":3,"alexsmobs:seagull":2,"born_in_chaos_v1:thornshell_crab":1,"born_in_chaos_v1:zombie_bruiser":2,"born_in_chaos_v1:maggot":7,"born_in_chaos_v1:barrel_zombie":1,"minecraft:husk":19,"born_in_chaos_v1:baby_skeleton":1,"born_in_chaos_v1:decrepit_skeleton":1,"quark:wraith":1},"minecraft:picked_up":{"minecraft:redstone_block":7,"ascendant_mobs:territorialsoilblock":1,"quark:spruce_ladder":1,"butchercraft:pork_scraps":6,"create:cut_tuff_slab":1,"farmersdelight:cutting_board":1,"supplementaries:candle_holder":2,"connectedglass:borderless_glass_pane":3,"minecraft:string":23,"minecraft:raw_copper":2,"minecraft:smooth_stone_slab":6,"connectedglass:borderless_glass":2,"butchercraft:lamb_stewmeat":6,"minecraft:spruce_planks":64,"delightful:acorn":6,"minecraft:rose_bush":41,"minecraft:calcite":2,"butchercraft:fat":12,"minecraft:iron_pickaxe":2,"minecraft:melon_slice":98,"minecraft:furnace":1,"farmersdelight:cabbage_seeds":7,"minecraft:stick":40,"minecraft:torch":2,"minecraft:spruce_stairs":22,"epicfight:skillbook":1,"minecraft:diorite":3,"born_in_chaos_v1:black_argillite_brick_stairs":1,"butchercraft:sheep_hide":1,"quark:spruce_vertical_slab":4,"minecraft:brown_carpet":1,"quark:clear_shard":3,"minecraft:rotten_flesh":74,"artifacts:villager_hat":1,"farmersdelight:onion":2,"minecraft:iron_block":5,"butchercraft:blood_fluid_bucket":1,"minecraft:white_terracotta":16,"immersive_melodies:flute":1,"minecraft:iron_bars":17,"minecraft:cobblestone":10,"minecraft:sponge":3,"butchercraft:tripe":4,"bakery:kitchen_sink":1,"minecraft:feather":5,"minecraft:repeater":1,"butchercraft:lamb_roast":7,"minecraft:flint":1,"minecraft:stripped_spruce_wood":8,"minecraft:dirt":83,"minecraft:lantern":7,"supplementaries:doormat":1,"minecraft:glass":6,"minecraft:bone":17,"farmersdelight:iron_knife":1,"minecraft:wheat_seeds":7,"create:shaft":2,"quark:soul_bead":1,"fruitstack:corpse":26,"kitchenkarrot:pillager_pie":8,"create:cogwheel":1,"quark:dark_oak_ladder":1,"butchercraft:heart":1,"minecraft:sand":32,"minecraft:ink_sac":2,"argentinas_delight:yerbamate":5,"minecraft:dark_oak_log":1,"alexsmobs:bison_carpet":8,"fruitstack:glutinous_rice_panicle":7,"quark:cobblestone_bricks_stairs":1,"born_in_chaos_v1:fire_dust":5,"minecraft:spruce_boat":2,"minecraft:crossbow":1,"minecraft:bread":32,"alexsmobs:maggot":2,"minecraft:oak_sapling":17,"born_in_chaos_v1:rotten_fish":3,"minecraft:bricks":3,"minecraft:charcoal":5,"minecraft:allium":6,"magistuarmory:iron_bastardsword":1,"minecraft:azure_bluet":1,"minecraft:clay_ball":184,"minecraft:gold_block":3,"butchercraft:lamb_ribs":2,"minecraft:shield":2,"some_assembly_required:chopped_carrot":2,"minecraft:red_bed":2,"memory_of_the_past:better_drop_of_knowledge":31,"quark:bonded_leather":1,"butchercraft:kidney":2,"minecraft:iron_nugget":1,"minecraft:poppy":12,"minecraft:spruce_slab":26,"supplementaries:cage":2,"quark:shingles_stairs":1,"minecraft:spruce_trapdoor":3,"minecraft:raw_iron":2,"kawaiidishes:dark_brown_shoes":1,"minecraft:spruce_fence":21,"fruitstack:september_melon":11,"butchercraft:sinew":21,"create:hand_crank":2,"butchercraft:cubed_lamb":2,"born_in_chaos_v1:pieceofdarkmetal":1,"minecraft:carrot":6,"minecraft:redstone":4,"quark:oak_leaf_carpet":2,"create:cut_tuff":2,"butchercraft:lung":2,"minecraft:arrow":8,"minecraft:diamond_chestplate":1,"create:experience_nugget":7,"minecraft:shears":1,"create:depot":1,"minecraft:totem_of_undying":1,"born_in_chaos_v1:spiny_shell":4,"minecraft:gold_ingot":6,"butchercraft:sheep_head_item":2,"butchercraft:beef_scraps":16,"minecraft:brick_stairs":3,"minecraft:mutton":10,"minecraft:white_wool":7,"minecraft:oxeye_daisy":1,"minecraft:stripped_oak_log":1,"born_in_chaos_v1:corpse_maggot":12,"memory_of_the_past:lesser_drop_of_knowledge":101,"born_in_chaos_v1:monster_flesh":2,"minecraft:leather":74,"kawaiidishes:cyan_headband_horns_purple":2,"minecraft:granite_stairs":2,"minecraft:oak_log":65,"quark:light_gray_framed_glass_pane":2,"minecraft:white_banner":2,"minecraft:cooked_mutton":8,"alexsmobs:unsettling_kimono":3,"minecraft:apple":5,"minecraft:kelp":25,"minecraft:iron_ingot":4,"born_in_chaos_v1:chipped_black_argillite_brick":1,"butchercraft:liver":1,"quark:redstone_randomizer":1,"minecraft:book":21,"minecraft:oak_slab":1,"bakery:strawberry":2,"create:mechanical_bearing":2,"minecraft:dark_oak_slab":1,"minecraft:sweet_berries":2,"supplementaries:sack":1,"quark:glass_item_frame":1,"minecraft:gravel":7,"argentinas_delight:espinacaitem":9,"kawaiidishes:bunny_suit_white_tail":1,"minecraft:blast_furnace":16,"argentinas_delight:hojasdemate":25,"minecraft:white_bed":2,"minecraft:spruce_log":3,"quark:white_shingles":9,"minecraft:spider_eye":7,"butchercraft:sheep_carcass":1,"biomesoplenty:flowering_oak_sapling":7,"create:millstone":2,"butchercraft:leather_scrap":21,"minecraft:pumpkin_seeds":2,"minecraft:dried_kelp_block":2,"butchercraft:lamb_scraps":10,"butchercraft:stomach":1,"cfm:spruce_table":5,"argentinas_delight:cuernodetoro":4,"memory_of_the_past:great_drop_of_knowledge":3,"minecraft:coal":1,"minecraft:sunflower":6},"minecraft:custom":{"minecraft:interact_with_crafting_table":52,"minecraft:open_barrel":85,"minecraft:eat_cake_slice":2,"minecraft:leave_game":4,"minecraft:time_since_death":34723,"minecraft:sprint_one_cm":970595,"minecraft:damage_blocked_by_shield":2039,"minecraft:drop":272,"minecraft:play_noteblock":1,"minecraft:talked_to_villager":2,"minecraft:play_time":276811,"minecraft:deaths":21,"minecraft:jump":4543,"minecraft:walk_on_water_one_cm":14988,"minecraft:interact_with_furnace":84,"minecraft:sleep_in_bed":11,"minecraft:waystone_activated":1,"minecraft:damage_dealt":63951,"minecraft:crouch_one_cm":76494,"minecraft:mob_kills":121,"minecraft:damage_dealt_resisted":80,"minecraft:climb_one_cm":66569,"minecraft:walk_one_cm":1349144,"minecraft:sneak_time":16553,"minecraft:walk_under_water_one_cm":33162,"minecraft:boat_one_cm":79757,"minecraft:interact_with_blast_furnace":20,"minecraft:total_world_time":276811,"minecraft:time_since_rest":12951,"minecraft:damage_taken":7855,"minecraft:trigger_trapped_chest":10,"minecraft:swim_one_cm":66783,"minecraft:fly_one_cm":1416007,"minecraft:open_chest":124,"minecraft:fall_one_cm":101294},"minecraft:crafted":{"minecraft:brick":87,"minecraft:oak_planks":8,"minecraft:chain":2,"magistuarmory:iron_shortsword":1,"connectedglass:borderless_glass":8,"create_sa:heap_of_experience":5,"cfm:spruce_table":4,"minecraft:glass":28,"minecraft:iron_boots":1,"create_sa:zinc_handle":2,"butchercraft:butcher_knife":1,"minecraft:bricks":11,"farmersdelight:stove":2,"minecraft:crafting_table":3,"minecraft:spruce_planks":120,"farmersdelight:iron_knife":1,"minecraft:iron_helmet":1,"minecraft:wooden_pickaxe":1,"minecraft:baked_potato":26,"travelersbackpack:standard":2,"minecraft:campfire":2,"pfm:working_table":1,"farmersdelight:cutting_board":1,"minecraft:charcoal":1,"minecraft:diamond_pickaxe":1,"minecraft:shield":1,"minecraft:stick":36,"minecraft:iron_ingot":44,"minecraft:gold_ingot":27,"minecraft:shears":1,"magistuarmory:leather_strip":6,"minecraft:redstone":27,"minecraft:iron_nugget":99,"comforts:sleeping_bag_white":2,"immersive_melodies:flute":1,"minecraft:lantern":11,"magistuarmory:hilt":1,"travelersbackpack:white_sleeping_bag":2,"fruitstack:iron_fruit_knife":1,"minecraft:leather":9,"minecraft:iron_axe":1,"minecraft:stone_pickaxe":1,"bakery:kitchen_sink":1,"magistuarmory:iron_bastardsword":1,"minecraft:spruce_boat":1,"quark:spruce_chest":3,"delightful:experience_knife":1,"butchercraft:meat_hook_item":2,"butchercraft:leather_cord":3,"butchercraft:skinning_knife":1,"travelersbackpack:backpack_tank":4,"minecraft:iron_sword":1,"connectedglass:borderless_glass_pane":16,"minecraft:air":0,"butchercraft:gut_knife":1,"minecraft:iron_shovel":1,"minecraft:iron_leggings":1,"minecraft:torch":16,"create:zinc_ingot":2,"butchercraft:bone_saw":1},"minecraft:mined":{"minecraft:dark_oak_planks":1,"minecraft:white_bed":2,"minecraft:spruce_planks":41,"quark:orange_blossom_leaves":7,"supplementaries:candle_holder":2,"minecraft:spruce_trapdoor":11,"argentinas_delight:hojasdemate":25,"minecraft:grass_block":16,"fruitstack:wild_golden_pure_sheep_horn_honey":1,"minecraft:oxeye_daisy":1,"minecraft:spawner":8,"minecraft:iron_ore":2,"bakery:kitchen_sink":1,"minecraft:fire":1,"quark:light_gray_framed_glass_pane":2,"born_in_chaos_v1:black_argillite_brick_stairs":1,"biomesoplenty:lavender":1,"minecraft:azure_bluet":1,"minecraft:iron_bars":3,"create:red_seat":1,"minecraft:granite_stairs":2,"minecraft:spruce_slab":10,"alexsmobs:bison_carpet":15,"create:cogwheel":1,"minecraft:brown_mushroom":1,"minecraft:red_bed":1,"minecraft:kelp_plant":6,"minecraft:powder_snow":2,"minecraft:clay":46,"quark:cobblestone_bricks":7,"create:cut_tuff_slab":2,"minecraft:blast_furnace":10,"minecraft:calcite":3,"minecraft:poppy":11,"minecraft:glass":1,"minecraft:cobblestone":5,"minecraft:white_terracotta":15,"minecraft:dark_oak_slab":4,"farmersdelight:cutting_board":1,"quark:spruce_vertical_slab":4,"minecraft:smooth_stone_slab":5,"minecraft:grass":44,"biomesoplenty:clover":1,"minecraft:oak_log":23,"minecraft:sand":33,"minecraft:dirt":38,"quark:dirty_glass_pane":1,"minecraft:oak_leaves":1,"fruitstack:wild_glutinous_rice":7,"fruitstack:wild_september_melon":11,"create:millstone":2,"farmersdelight:wild_carrots":6,"minecraft:dark_oak_log":2,"minecraft:spruce_fence":13,"minecraft:brick_stairs":2,"create:depot":1,"minecraft:redstone_wire":4,"farmersdelight:wild_cabbages":2,"minecraft:kelp":6,"farmersdelight:wild_onions":2,"create:shaft":2,"quark:bonded_leather":1,"minecraft:oak_trapdoor":1,"argentinas_delight:espinacamadura":3,"minecraft:furnace":1,"minecraft:andesite":2,"treechop:chopped_log":3,"minecraft:lantern":4,"supplementaries:netherite_trapdoor":1,"minecraft:stripped_oak_log":1,"minecraft:stone":7,"supplementaries:wall_lantern":5,"minecraft:oak_slab":2,"minecraft:redstone_block":7,"minecraft:brown_carpet":1,"minecraft:dandelion":1,"quark:spruce_bookshelf":7,"minecraft:sponge":2,"minecraft:rose_bush":20,"minecraft:campfire":2,"supplementaries:sack":1,"minecraft:tall_grass":2,"born_in_chaos_v1:chipped_black_argillite_brick":1,"minecraft:dried_kelp_block":2,"biomesoplenty:sprout":9,"delightful:wild_salmonberries":1,"minecraft:diorite":3,"supplementaries:cage":1,"supplementaries:urn":3,"minecraft:spruce_stairs":18,"minecraft:stripped_spruce_wood":8,"quark:spruce_ladder":1,"minecraft:sweet_berry_bush":1,"supplementaries:doormat":1,"ascendant_mobs:territorialsoilblock":1,"minecraft:spruce_log":5,"quark:white_shingles":9,"supplementaries:netherite_door":1,"minecraft:coal_ore":1,"create:mechanical_bearing":1,"biomesoplenty:fir_leaves":3,"minecraft:sunflower":4,"minecraft:gravel":8,"quark:shingles_stairs":1,"minecraft:cobweb":1,"minecraft:fern":1},"minecraft:dropped":{"farmersdelight:iron_knife":1,"butchercraft:beef_scraps":16,"butchercraft:leather_scrap":11,"minecraft:oak_log":1,"connectedglass:borderless_glass":2,"minecraft:dark_oak_slab":1,"minecraft:crossbow":1,"minecraft:leather":66,"kitchenkarrot:pillager_pie":8,"born_in_chaos_v1:pieceofdarkmetal":1,"travelersbackpack:standard":1,"minecraft:flint":1,"born_in_chaos_v1:monster_flesh":2,"minecraft:dirt":26,"biomesoplenty:flowering_oak_sapling":1,"kawaiidishes:bunny_suit_white_tail":1,"minecraft:axolotl_bucket":1,"minecraft:gold_ingot":6,"minecraft:bone":4,"born_in_chaos_v1:fire_dust":2,"alexsmobs:animal_dictionary":1,"fruitstack:corpse":26,"minecraft:rotten_flesh":74,"artifacts:villager_hat":1,"kawaiidishes:cyan_headband_horns_purple":1,"quark:redstone_randomizer":1,"cfm:spruce_table":8,"create:mechanical_bearing":1,"argentinas_delight:cuernodetoro":3,"minecraft:poppy":11,"born_in_chaos_v1:chipped_black_argillite_brick":1,"alexsmobs:bison_carpet":2,"minecraft:charcoal":1,"born_in_chaos_v1:corpse_maggot":6,"create:cut_tuff_slab":1,"minecraft:spruce_slab":7,"minecraft:iron_bars":12,"minecraft:arrow":8,"minecraft:glass":4,"minecraft:bread":37,"minecraft:wheat_seeds":7,"butchercraft:pork_scraps":5,"memory_of_the_past:better_drop_of_knowledge":8,"quark:white_shingles":1,"minecraft:iron_helmet":1,"minecraft:feather":5,"minecraft:cobblestone":2,"connectedglass:borderless_glass_pane":3,"minecraft:spruce_stairs":1,"minecraft:golden_apple":1,"quark:glass_item_frame":1,"minecraft:stick":17,"butchercraft:lamb_scraps":1,"minecraft:dried_kelp_block":2,"minecraft:ink_sac":2,"minecraft:repeater":1,"minecraft:melon_slice":29,"memory_of_the_past:lesser_drop_of_knowledge":20,"minecraft:rose_bush":42,"minecraft:potion":1,"delightful:acorn":1,"quark:soul_bead":1,"minecraft:white_banner":1,"minecraft:iron_axe":1,"minecraft:string":12,"quark:oak_leaf_carpet":1,"butchercraft:leather_cord":3,"minecraft:bricks":3,"alexsmobs:maggot":4,"minecraft:raw_copper":2,"farmersdelight:cabbage_seeds":9,"born_in_chaos_v1:rotten_fish":3,"create:experience_nugget":7,"minecraft:totem_of_undying":1,"minecraft:spruce_fence":8,"minecraft:shears":1,"minecraft:pumpkin_seeds":4,"supplementaries:cage":1,"minecraft:blast_furnace":6,"minecraft:spruce_boat":1,"minecraft:shield":2,"quark:dark_oak_ladder":1,"some_assembly_required:sandwich":5,"minecraft:spruce_planks":14,"quark:light_gray_framed_glass_pane":1,"minecraft:iron_chestplate":1,"born_in_chaos_v1:spiny_shell":4,"minecraft:oak_sapling":16,"minecraft:brown_carpet":1,"minecraft:spider_eye":1,"create:cut_tuff":2,"pfm:furniture_book":1,"minecraft:stone_pickaxe":1,"minecraft:wooden_pickaxe":1}},"DataVersion":3120}