{"stats":{"minecraft:used":{"minecraft:rose_bush":1,"minecraft:poppy":1,"minecraft:spruce_planks":36,"minecraft:shield":30,"minecraft:iron_sword":192,"minecraft:iron_chestplate":1,"minecraft:torch":2,"minecraft:dirt":50,"minecraft:allium":6,"minecraft:azure_bluet":1,"born_in_chaos_v1:corpse_maggot":4,"quark:spruce_chest":1,"minecraft:lantern":3,"minecraft:iron_axe":54,"kawaiidishes:dark_brown_shoes":1,"minecraft:sweet_berries":4,"minecraft:iron_leggings":1,"minecraft:calcite":2,"farmersdelight:iron_knife":8,"minecraft:diorite":3,"minecraft:stone_pickaxe":35,"minecraft:wooden_pickaxe":6,"farmersdelight:onion":1,"minecraft:crafting_table":2,"minecraft:white_bed":1,"some_assembly_required:sandwich":11,"cfm:spruce_table":1,"minecraft:cake":1,"minecraft:spruce_log":5,"minecraft:apple":1,"minecraft:dark_oak_log":1,"minecraft:sunflower":6,"minecraft:bread":5,"minecraft:melon_slice":3,"minecraft:spruce_trapdoor":1,"minecraft:gravel":7,"minecraft:cobblestone":2},"minecraft:killed_by":{"minecraft:husk":5,"minecraft:player":3,"minecraft:pillager":1,"born_in_chaos_v1:corpse_fly":1,"minecraft:zombie":2,"minecraft:cow":1,"born_in_chaos_v1:maggot":1},"minecraft:killed":{"born_in_chaos_v1:restless_spirit":1,"minecraft:vindicator":3,"alexsmobs:seagull":1,"born_in_chaos_v1:zombie_bruiser":1,"born_in_chaos_v1:maggot":5,"minecraft:skeleton":2,"minecraft:husk":19,"born_in_chaos_v1:baby_skeleton":1,"alexsmobs:seal":1,"minecraft:pillager":11,"minecraft:goat":1,"minecraft:zombie":7,"born_in_chaos_v1:dread_hound":1,"born_in_chaos_v1:corpse_fly":1,"alexsmobs:fly":1,"minecraft:cow":6},"minecraft:picked_up":{"minecraft:allium":6,"minecraft:azure_bluet":1,"minecraft:gold_block":3,"memory_of_the_past:better_drop_of_knowledge":15,"quark:bonded_leather":1,"minecraft:spruce_planks":17,"minecraft:rose_bush":4,"minecraft:calcite":2,"minecraft:poppy":1,"minecraft:melon_slice":74,"minecraft:spruce_trapdoor":1,"farmersdelight:cabbage_seeds":3,"minecraft:stick":14,"minecraft:torch":2,"kawaiidishes:dark_brown_shoes":1,"minecraft:spruce_stairs":1,"minecraft:diorite":3,"born_in_chaos_v1:pieceofdarkmetal":1,"minecraft:carrot":6,"minecraft:arrow":2,"minecraft:diamond_chestplate":1,"minecraft:rotten_flesh":54,"artifacts:villager_hat":1,"farmersdelight:onion":2,"minecraft:iron_block":5,"butchercraft:beef_scraps":6,"minecraft:cobblestone":7,"born_in_chaos_v1:corpse_maggot":11,"memory_of_the_past:lesser_drop_of_knowledge":63,"minecraft:feather":1,"born_in_chaos_v1:monster_flesh":2,"minecraft:leather":9,"minecraft:flint":1,"minecraft:dirt":62,"minecraft:lantern":3,"minecraft:bone":2,"farmersdelight:iron_knife":1,"minecraft:wheat_seeds":2,"fruitstack:corpse":19,"kitchenkarrot:pillager_pie":4,"minecraft:dark_oak_slab":1,"minecraft:sweet_berries":2,"quark:glass_item_frame":1,"minecraft:gravel":7,"quark:dark_oak_ladder":1,"kawaiidishes:bunny_suit_white_tail":1,"minecraft:blast_furnace":8,"minecraft:white_bed":1,"minecraft:spruce_log":3,"minecraft:dark_oak_log":1,"alexsmobs:bison_carpet":2,"butchercraft:leather_scrap":2,"minecraft:pumpkin_seeds":2,"minecraft:bread":6,"cfm:spruce_table":1,"alexsmobs:maggot":2,"born_in_chaos_v1:rotten_fish":2,"minecraft:coal":1,"memory_of_the_past:great_drop_of_knowledge":2,"minecraft:sunflower":6},"minecraft:custom":{"minecraft:mob_kills":64,"minecraft:interact_with_crafting_table":13,"minecraft:open_barrel":14,"minecraft:damage_dealt_resisted":80,"minecraft:eat_cake_slice":2,"minecraft:leave_game":2,"minecraft:time_since_death":11271,"minecraft:climb_one_cm":4363,"minecraft:sprint_one_cm":283175,"minecraft:walk_one_cm":475134,"minecraft:damage_blocked_by_shield":744,"minecraft:drop":101,"minecraft:play_noteblock":1,"minecraft:play_time":90533,"minecraft:deaths":15,"minecraft:sneak_time":2575,"minecraft:walk_under_water_one_cm":1043,"minecraft:jump":1766,"minecraft:interact_with_blast_furnace":1,"minecraft:walk_on_water_one_cm":729,"minecraft:total_world_time":90533,"minecraft:interact_with_furnace":2,"minecraft:sleep_in_bed":2,"minecraft:time_since_rest":11288,"minecraft:waystone_activated":1,"minecraft:damage_taken":4807,"minecraft:trigger_trapped_chest":3,"minecraft:damage_dealt":21716,"minecraft:swim_one_cm":4527,"minecraft:fly_one_cm":482407,"minecraft:open_chest":36,"minecraft:crouch_one_cm":15520,"minecraft:fall_one_cm":41881},"minecraft:crafted":{"cfm:spruce_table":4,"minecraft:iron_boots":1,"minecraft:leather":9,"minecraft:stone_pickaxe":1,"quark:spruce_chest":1,"minecraft:crafting_table":2,"minecraft:spruce_planks":52,"farmersdelight:iron_knife":1,"minecraft:iron_helmet":1,"minecraft:wooden_pickaxe":1,"minecraft:iron_sword":1,"minecraft:shield":1,"minecraft:stick":12,"minecraft:iron_leggings":1},"minecraft:mined":{"minecraft:spruce_planks":17,"minecraft:white_bed":1,"farmersdelight:wild_carrots":6,"minecraft:dark_oak_log":2,"minecraft:grass_block":16,"minecraft:spawner":4,"farmersdelight:wild_onions":2,"quark:bonded_leather":1,"minecraft:azure_bluet":1,"minecraft:lantern":2,"create:red_seat":1,"minecraft:stone":6,"supplementaries:wall_lantern":1,"alexsmobs:bison_carpet":2,"minecraft:dandelion":1,"minecraft:powder_snow":2,"minecraft:blast_furnace":8,"minecraft:calcite":3,"minecraft:rose_bush":1,"minecraft:tall_grass":2,"minecraft:cobblestone":1,"biomesoplenty:sprout":3,"minecraft:diorite":3,"minecraft:dark_oak_slab":1,"minecraft:spruce_log":5,"minecraft:grass":13,"minecraft:coal_ore":1,"biomesoplenty:fir_leaves":3,"minecraft:sunflower":4,"minecraft:gravel":8,"minecraft:dirt":31,"minecraft:fern":1},"minecraft:dropped":{"farmersdelight:iron_knife":1,"butchercraft:leather_scrap":2,"minecraft:wheat_seeds":2,"memory_of_the_past:better_drop_of_knowledge":6,"minecraft:dark_oak_slab":1,"minecraft:iron_helmet":1,"minecraft:feather":1,"minecraft:cobblestone":2,"minecraft:leather":9,"born_in_chaos_v1:pieceofdarkmetal":1,"minecraft:spruce_stairs":1,"quark:glass_item_frame":1,"minecraft:stick":14,"minecraft:flint":1,"born_in_chaos_v1:monster_flesh":2,"minecraft:dirt":12,"minecraft:melon_slice":10,"memory_of_the_past:lesser_drop_of_knowledge":20,"minecraft:rose_bush":3,"kawaiidishes:bunny_suit_white_tail":1,"minecraft:potion":1,"minecraft:bone":2,"alexsmobs:maggot":2,"born_in_chaos_v1:rotten_fish":2,"farmersdelight:cabbage_seeds":6,"fruitstack:corpse":14,"minecraft:rotten_flesh":54,"artifacts:villager_hat":1,"minecraft:pumpkin_seeds":4,"quark:dark_oak_ladder":1,"alexsmobs:bison_carpet":2,"some_assembly_required:sandwich":4,"minecraft:iron_chestplate":1,"born_in_chaos_v1:corpse_maggot":4,"pfm:furniture_book":1,"minecraft:arrow":2,"minecraft:wooden_pickaxe":1}},"DataVersion":3120}