{"stats":{"minecraft:mined":{"minecraft:dark_oak_planks":1,"minecraft:white_bed":2,"create:andesite_casing":4,"fruitstack:wild_golden_pure_sheep_horn_honey":7,"minecraft:oxeye_daisy":1,"minecraft:spawner":12,"minecraft:fire":1,"bakery:kitchen_sink":1,"quark:light_gray_framed_glass_pane":2,"biomesoplenty:lavender":1,"biomesoplenty:redwood_log":1,"argentinas_delight:basedearbolmate":1,"supplementaries:jar":1,"create:red_seat":1,"create:cogwheel":3,"minecraft:brown_mushroom":1,"minecraft:red_bed":1,"minecraft:kelp_plant":6,"minecraft:powder_snow":2,"minecraft:torch":3,"minecraft:blast_furnace":11,"vinery:red_grape_bush":1,"minecraft:glass":1,"cookingforblockheads:spice_rack":1,"minecraft:white_terracotta":15,"quark:spruce_vertical_slab":4,"minecraft:grass":82,"create:hand_crank":5,"minecraft:stonecutter":3,"fruitstack:wild_glutinous_rice":7,"fruitstack:wild_september_melon":11,"create:millstone":6,"farmersdelight:wild_carrots":6,"minecraft:dark_oak_log":2,"argentinas_delight:ramabajamembrillo":4,"minecraft:spruce_fence":13,"minecraft:redstone_wire":4,"create:encased_fan":3,"farmersdelight:wild_cabbages":2,"minecraft:kelp":20,"farmersdelight:wild_onions":2,"create:shaft":4,"argentinas_delight:ramaltamembrillo":4,"argentinas_delight:espinacamadura":3,"minecraft:andesite":4,"minecraft:cobblestone_slab":1,"supplementaries:wall_lantern":5,"minecraft:smithing_table":2,"minecraft:oak_slab":2,"minecraft:redstone_block":7,"minecraft:brown_carpet":1,"minecraft:dandelion":3,"create:fluid_pipe":21,"minecraft:sponge":2,"minecraft:campfire":2,"minecraft:tall_grass":2,"minecraft:dried_kelp_block":2,"minecraft:diorite":265,"create:blaze_burner":2,"minecraft:stripped_spruce_wood":8,"create:gearbox":2,"argentinas_delight:hojasmembrillocubo":6,"supplementaries:doormat":1,"minecraft:spruce_log":6,"quark:white_shingles":9,"create:mechanical_drill":1,"supplementaries:netherite_door":1,"create:mechanical_bearing":1,"minecraft:sunflower":4,"minecraft:gravel":8,"minecraft:cobweb":1,"minecraft:fern":2,"chipped:oak_planks_panel":5,"minecraft:spruce_planks":41,"quark:orange_blossom_leaves":7,"supplementaries:candle_holder":2,"minecraft:spruce_trapdoor":11,"argentinas_delight:hojasdemate":49,"minecraft:grass_block":130,"biomesoplenty:flowering_oak_leaves":2,"minecraft:frosted_ice":1,"fruitstack:wild_holboellia_latifolia":20,"minecraft:iron_ore":24,"born_in_chaos_v1:black_argillite_brick_stairs":1,"minecraft:azure_bluet":1,"argentinas_delight:ramasdematedeyerba":4,"minecraft:iron_bars":7,"minecraft:granite_stairs":2,"minecraft:spruce_slab":11,"alexsmobs:bison_carpet":15,"argentinas_delight:brotemembrillo":8,"minecraft:clay":46,"create:cut_tuff_slab":2,"quark:cobblestone_bricks":7,"minecraft:calcite":3,"minecraft:poppy":11,"minecraft:cobblestone":7,"minecraft:grindstone":2,"minecraft:wall_torch":1,"minecraft:dark_oak_slab":4,"farmersdelight:cutting_board":1,"minecraft:smooth_stone_slab":5,"biomesoplenty:clover":1,"minecraft:oak_log":29,"minecraft:sand":33,"minecraft:dirt":49,"quark:dirty_glass_pane":1,"minecraft:oak_leaves":4,"minecraft:diamond_ore":1,"biomesoplenty:bush":2,"chipped:brick_bond_oak_planks":4,"minecraft:brick_stairs":2,"create:depot":1,"argentinas_delight:lechonasadoadelante":1,"quark:bonded_leather":1,"minecraft:oak_trapdoor":1,"minecraft:furnace":4,"minecraft:black_concrete":4,"treechop:chopped_log":10,"minecraft:lantern":4,"supplementaries:netherite_trapdoor":1,"minecraft:stripped_oak_log":1,"minecraft:stone":289,"quark:spruce_bookshelf":8,"minecraft:rose_bush":20,"supplementaries:sack":5,"born_in_chaos_v1:chipped_black_argillite_brick":1,"biomesoplenty:sprout":21,"cuisinedelight:cuisine_skillet":3,"delightful:wild_salmonberries":1,"minecraft:sculk":3,"supplementaries:cage":1,"supplementaries:urn":3,"minecraft:spruce_stairs":18,"quark:spruce_ladder":1,"minecraft:sweet_berry_bush":1,"ascendant_mobs:territorialsoilblock":1,"pfm:working_table":2,"minecraft:coal_ore":1,"biomesoplenty:fir_leaves":3,"quark:shingles_stairs":1},"minecraft:killed_by":{"minecraft:pillager":1,"minecraft:zombie":2,"minecraft:cow":1,"minecraft:husk":5,"born_in_chaos_v1:maggot":1,"minecraft:wither_skeleton":1,"born_in_chaos_v1:corpse_fly":1,"minecraft:cave_spider":4,"minecraft:player":4},"minecraft:dropped":{"farmersdelight:iron_knife":1,"butchercraft:leather_scrap":11,"minecraft:glass_bottle":1,"connectedglass:borderless_glass":2,"minecraft:dark_oak_slab":1,"minecraft:crossbow":1,"born_in_chaos_v1:pieceofdarkmetal":1,"born_in_chaos_v1:monster_flesh":2,"minecraft:dirt":31,"minecraft:white_wool":1,"minecraft:bone":4,"alexsmobs:animal_dictionary":1,"fruitstack:corpse":26,"minecraft:rotten_flesh":77,"kawaiidishes:cyan_headband_horns_purple":1,"cfm:spruce_table":8,"argentinas_delight:cuernodetoro":3,"create:encased_fan":1,"alexsmobs:bison_carpet":2,"minecraft:charcoal":1,"create:cut_tuff_slab":1,"minecraft:spruce_slab":7,"minecraft:glass":4,"minecraft:iron_ingot":8,"minecraft:wheat_seeds":7,"memory_of_the_past:better_drop_of_knowledge":8,"minecraft:feather":5,"minecraft:iron_helmet":1,"minecraft:cobblestone":2,"minecraft:golden_apple":1,"butchercraft:lamb_scraps":1,"minecraft:dried_kelp_block":2,"minecraft:ink_sac":2,"memory_of_the_past:lesser_drop_of_knowledge":20,"minecraft:rose_bush":42,"minecraft:potion":1,"delightful:acorn":1,"quark:soul_bead":1,"minecraft:white_banner":1,"minecraft:iron_shovel":1,"minecraft:string":12,"butchercraft:leather_cord":3,"minecraft:bricks":3,"born_in_chaos_v1:rotten_fish":3,"minecraft:spruce_fence":16,"minecraft:shears":1,"minecraft:pumpkin_seeds":4,"supplementaries:cage":1,"minecraft:blast_furnace":6,"minecraft:spruce_boat":1,"fruitstack:iron_fruit_knife":1,"quark:dark_oak_ladder":1,"minecraft:spruce_planks":14,"quark:light_gray_framed_glass_pane":1,"create:hand_crank":2,"minecraft:spider_eye":1,"minecraft:brown_carpet":1,"pfm:furniture_book":1,"butchercraft:beef_scraps":16,"minecraft:oak_log":1,"kitchenkarrot:pillager_pie":8,"minecraft:leather":72,"travelersbackpack:standard":1,"minecraft:flint":1,"biomesoplenty:flowering_oak_sapling":1,"kawaiidishes:bunny_suit_white_tail":1,"minecraft:axolotl_bucket":1,"minecraft:gold_ingot":9,"born_in_chaos_v1:fire_dust":2,"artifacts:villager_hat":1,"quark:redstone_randomizer":1,"create:mechanical_bearing":1,"minecraft:poppy":11,"born_in_chaos_v1:chipped_black_argillite_brick":1,"born_in_chaos_v1:corpse_maggot":6,"minecraft:iron_bars":12,"minecraft:arrow":8,"minecraft:water_bucket":1,"minecraft:bread":37,"butchercraft:pork_scraps":5,"quark:white_shingles":2,"cuisinedelight:cuisine_skillet":1,"connectedglass:borderless_glass_pane":3,"minecraft:spruce_stairs":1,"quark:glass_item_frame":1,"minecraft:stick":17,"minecraft:repeater":1,"minecraft:melon_slice":29,"minecraft:iron_axe":1,"quark:oak_leaf_carpet":1,"alexsmobs:maggot":4,"minecraft:raw_copper":2,"farmersdelight:cabbage_seeds":11,"minecraft:iron_hoe":3,"create:experience_nugget":9,"minecraft:totem_of_undying":1,"some_assembly_required:chopped_carrot":2,"minecraft:shield":2,"some_assembly_required:sandwich":5,"minecraft:iron_chestplate":1,"born_in_chaos_v1:spiny_shell":4,"minecraft:oak_sapling":16,"create:cut_tuff":2,"minecraft:stone_pickaxe":1,"minecraft:wooden_pickaxe":1,"argentinas_delight:carnepicadaitem":1},"minecraft:used":{"minecraft:spruce_slab":24,"minecraft:poppy":1,"minecraft:brick_slab":50,"minecraft:allium":6,"create:depot":2,"minecraft:azure_bluet":1,"magistuarmory:iron_bastardsword":179,"minecraft:spruce_boat":2,"cuisinedelight:cuisine_skillet":3,"minecraft:sweet_berries":8,"create:shaft":3,"minecraft:furnace":1,"ascendant_mobs:territorialsoilblock":1,"minecraft:diorite":9,"butchercraft:meat_hook_item":2,"minecraft:wooden_pickaxe":6,"biomesoplenty:flowering_oak_sapling":5,"cookingforblockheads:tool_rack":2,"supplementaries:candle_holder":2,"minecraft:blast_furnace":6,"cfm:spruce_table":1,"pfm:working_table":3,"argentinas_delight:lechon_asadoitem":1,"quark:shingles_stairs":3,"minecraft:smithing_table":3,"chipped:carpenters_table":1,"chipped:oak_planks_panel":5,"minecraft:torch":11,"quark:white_shingles":4,"supplementaries:doormat":1,"create:wrench":3,"create:gearbox":1,"minecraft:iron_axe":483,"minecraft:brick_stairs":11,"argentinas_delight:tabladechancho":1,"farmersdelight:cooking_pot":1,"extradelight:corn_seeds":8,"chipped:brick_bond_oak_planks":84,"farmersdelight:tomato_seeds":3,"minecraft:golden_axe":32,"minecraft:calcite":2,"minecraft:wheat_seeds":1,"farmersdelight:iron_knife":36,"minecraft:water_bucket":39,"born_in_chaos_v1:black_argillite_brick_stairs":1,"create:encased_fan":1,"minecraft:oak_slab":3,"minecraft:crafting_table":3,"minecraft:red_bed":2,"minecraft:campfire":4,"minecraft:white_bed":1,"minecraft:cake":1,"fruitstack:september_melon":11,"minecraft:spruce_log":13,"minecraft:oak_log":29,"minecraft:diamond_pickaxe":7,"minecraft:oxeye_daisy":1,"minecraft:diamond_shovel":31,"minecraft:sunflower":6,"minecraft:iron_pickaxe":730,"minecraft:spruce_trapdoor":4,"quark:light_gray_framed_glass_pane":3,"argentinas_delight:espinacaitem":9,"minecraft:cobblestone":38,"travelersbackpack:standard":15,"quark:oak_chest":3,"argentinas_delight:dagagauchatool":2,"minecraft:kelp":14,"minecraft:dandelion":1,"argentinas_delight:tomatitos_cherry":1,"minecraft:iron_shovel":139,"butchercraft:butcher_knife":1,"farmersdelight:stove":3,"minecraft:shield":50,"minecraft:white_terracotta":15,"minecraft:iron_sword":249,"minecraft:player_head":1,"minecraft:iron_chestplate":1,"cookingforblockheads:spice_rack":2,"create:cogwheel":13,"minecraft:carrot":17,"fruitstack:golden_pure_sheep_horn_honey":6,"born_in_chaos_v1:corpse_maggot":4,"minecraft:glass":7,"minecraft:lantern":18,"create:millstone":6,"connectedglass:borderless_glass_pane":6,"farmersdelight:cutting_board":2,"minecraft:written_book":1,"create:mechanical_drill":2,"epicfight:skillbook":3,"minecraft:stone_pickaxe":50,"bakery:kitchen_sink":2,"some_assembly_required:sandwich":17,"minecraft:black_concrete":2,"fruitstack:holboellia_latifolia_slice":8,"minecraft:dark_oak_log":1,"minecraft:bread":31,"minecraft:melon_slice":46,"minecraft:string":1,"quark:cobblestone_bricks_stairs":1,"quark:soul_bead":1,"minecraft:gravel":7,"fruitstack:holboellia_latifolia":5,"fruitstack:golden_pure_sheep_horn_honey_slice":18,"minecraft:grindstone":3,"minecraft:smooth_stone_slab":6,"create:vertical_gearbox":2,"extradelight:cactus_juice":1,"create:large_cogwheel":4,"minecraft:rose_bush":2,"minecraft:granite_stairs":7,"minecraft:spruce_planks":90,"supplementaries:candle_holder_black":1,"argentinas_delight:yerbamate":1,"minecraft:dirt":112,"minecraft:spruce_stairs":8,"minecraft:spruce_fence":6,"minecraft:granite":1,"biomesoplenty:redwood_log":43,"minecraft:iron_hoe":71,"quark:spruce_chest":1,"kawaiidishes:coffee_fruit":6,"kawaiidishes:dark_brown_shoes":1,"connectedglass:borderless_glass":5,"minecraft:golden_carrot":1,"fruitstack:iron_fruit_knife":11,"farmersdelight:cooked_mutton_chops":4,"butchercraft:sheep_head_item":1,"minecraft:iron_leggings":1,"minecraft:cooked_mutton":8,"argentinas_delight:costillasdechancho":2,"supplementaries:sack":7,"farmersdelight:skillet":1,"minecraft:stonecutter":5,"butchercraft:pork_scraps":1,"farmersdelight:onion":18,"bakery:strawberry":2,"argentinas_delight:membrillo":17,"minecraft:apple":7,"supplementaries:cage":1,"create:mechanical_press":1,"minecraft:stone_slab":1,"create:large_water_wheel":7,"quark:spruce_ladder":1,"minecraft:bucket":36,"quark:oak_leaf_carpet":1,"create:hand_crank":6,"vinery:red_grape_seeds":3},"minecraft:crafted":{"minecraft:smooth_stone":3,"minecraft:chain":2,"magistuarmory:iron_shortsword":1,"connectedglass:borderless_glass":8,"minecraft:iron_bars":32,"create_sa:heap_of_experience":11,"create:vertical_gearbox":1,"cfm:spruce_table":4,"minecraft:glass":28,"create:mechanical_press":1,"butchercraft:butcher_knife":1,"create:cogwheel":3,"minecraft:golden_axe":1,"minecraft:wooden_shovel":1,"farmersdelight:iron_knife":2,"travelersbackpack:standard":5,"minecraft:smithing_table":1,"minecraft:campfire":6,"pfm:working_table":1,"quark:oak_chest":4,"minecraft:iron_block":1,"minecraft:gold_ingot":27,"create:large_cogwheel":4,"create:wrench":1,"minecraft:iron_nugget":288,"comforts:sleeping_bag_white":2,"minecraft:bone_meal":18,"immersive_melodies:flute":1,"travelersbackpack:blank_upgrade":4,"travelersbackpack:gold_tier_upgrade":1,"cookingforblockheads:tool_rack":2,"minecraft:lantern":11,"travelersbackpack:white_sleeping_bag":2,"fruitstack:iron_fruit_knife":1,"minecraft:spruce_slab":4,"minecraft:stone_pickaxe":1,"magistuarmory:iron_bastardsword":1,"minecraft:spruce_boat":1,"butchercraft:meat_hook_item":2,"quark:spruce_chest":3,"delightful:experience_knife":1,"butchercraft:leather_cord":3,"cuisinedelight:cuisine_skillet":1,"butchercraft:skinning_knife":1,"farmersdelight:cooking_pot":1,"minecraft:wooden_axe":1,"minecraft:iron_shovel":1,"minecraft:iron_leggings":1,"create:shaft":16,"minecraft:brick":87,"minecraft:grindstone":1,"minecraft:oak_planks":268,"minecraft:stone":7,"minecraft:iron_boots":1,"create_sa:zinc_handle":2,"minecraft:chest":1,"cuisinedelight:spatula":1,"minecraft:bricks":14,"farmersdelight:stove":3,"create:depot":1,"minecraft:oak_slab":6,"travelersbackpack:iron_tier_upgrade":1,"minecraft:crafting_table":4,"minecraft:spruce_planks":124,"minecraft:wooden_pickaxe":1,"minecraft:baked_potato":26,"minecraft:iron_helmet":1,"chipped:carpenters_table":1,"farmersdelight:skillet":2,"farmersdelight:cutting_board":1,"minecraft:charcoal":3,"minecraft:diamond_pickaxe":1,"create:water_wheel":5,"minecraft:shield":1,"minecraft:stick":36,"minecraft:iron_ingot":68,"vinery:red_grape_seeds":1,"minecraft:shears":2,"magistuarmory:leather_strip":6,"minecraft:redstone":27,"magistuarmory:hilt":1,"minecraft:leather":9,"minecraft:iron_axe":2,"minecraft:iron_hoe":1,"bakery:kitchen_sink":1,"argentinas_delight:parrilla":3,"cookingforblockheads:spice_rack":1,"travelersbackpack:diamond_tier_upgrade":1,"create:andesite_alloy":92,"travelersbackpack:backpack_tank":6,"minecraft:iron_sword":1,"create:large_water_wheel":5,"minecraft:bucket":2,"connectedglass:borderless_glass_pane":16,"minecraft:air":0,"butchercraft:gut_knife":1,"minecraft:stonecutter":2,"create:mechanical_drill":1,"minecraft:andesite":384,"minecraft:torch":20,"create:zinc_ingot":2,"butchercraft:bone_saw":1},"minecraft:custom":{"minecraft:interact_with_crafting_table":85,"minecraft:open_barrel":166,"minecraft:eat_cake_slice":2,"minecraft:leave_game":6,"minecraft:time_since_death":157524,"minecraft:damage_blocked_by_shield":2039,"minecraft:play_time":399612,"minecraft:deaths":21,"minecraft:jump":6540,"minecraft:interact_with_furnace":114,"minecraft:sleep_in_bed":22,"minecraft:waystone_activated":1,"minecraft:damage_dealt":70869,"minecraft:interact_with_smithing_table":7,"minecraft:sneak_time":23704,"minecraft:interact_with_blast_furnace":51,"minecraft:total_world_time":399612,"minecraft:interact_with_stonecutter":6,"minecraft:time_since_rest":224,"minecraft:swim_one_cm":71593,"minecraft:fly_one_cm":2720712,"minecraft:open_chest":239,"minecraft:fall_one_cm":141248,"minecraft:sprint_one_cm":1463109,"minecraft:drop":303,"minecraft:play_noteblock":1,"minecraft:talked_to_villager":2,"minecraft:walk_on_water_one_cm":27949,"minecraft:crouch_one_cm":137744,"minecraft:mob_kills":129,"minecraft:damage_dealt_resisted":650,"minecraft:climb_one_cm":100381,"minecraft:walk_one_cm":2012511,"minecraft:walk_under_water_one_cm":41423,"minecraft:boat_one_cm":79757,"minecraft:interact_with_grindstone":1,"minecraft:damage_taken":8711,"minecraft:trigger_trapped_chest":10},"minecraft:killed":{"minecraft:cave_spider":10,"born_in_chaos_v1:restless_spirit":1,"minecraft:skeleton":4,"alexsmobs:seal":2,"minecraft:pillager":13,"minecraft:goat":4,"minecraft:zombie":21,"born_in_chaos_v1:corpse_fly":1,"minecraft:cow":15,"minecraft:vindicator":3,"alexsmobs:seagull":2,"born_in_chaos_v1:thornshell_crab":1,"born_in_chaos_v1:barrel_zombie":1,"minecraft:husk":19,"born_in_chaos_v1:decrepit_skeleton":1,"quark:wraith":3,"minecraft:spider":4,"born_in_chaos_v1:firelight_not_despawn":3,"minecraft:pig":3,"minecraft:sheep":2,"born_in_chaos_v1:dread_hound":3,"alexsmobs:fly":1,"born_in_chaos_v1:zombie_bruiser":2,"born_in_chaos_v1:maggot":7,"born_in_chaos_v1:baby_skeleton":1},"minecraft:picked_up":{"vinery:red_grape":1,"ascendant_mobs:territorialsoilblock":1,"minecraft:smithing_table":2,"create:metal_bracket":6,"quark:spruce_ladder":1,"vinery:red_grape_seeds":2,"farmersdelight:cutting_board":1,"supplementaries:candle_holder":2,"connectedglass:borderless_glass_pane":3,"minecraft:string":23,"butchercraft:lamb_stewmeat":6,"minecraft:spruce_planks":64,"butchercraft:fat":12,"minecraft:melon_slice":98,"create:andesite_casing":4,"born_in_chaos_v1:black_argillite_brick_stairs":1,"minecraft:brown_carpet":1,"quark:clear_shard":3,"farmersdelight:onion":2,"artifacts:villager_hat":1,"minecraft:iron_block":5,"minecraft:white_terracotta":16,"minecraft:iron_bars":21,"minecraft:sponge":3,"butchercraft:tripe":4,"minecraft:feather":5,"minecraft:water_bucket":1,"butchercraft:lamb_roast":7,"minecraft:flint":1,"minecraft:stripped_spruce_wood":8,"minecraft:lantern":7,"supplementaries:doormat":1,"farmersdelight:mutton_chops":4,"minecraft:stonecutter":3,"create:mechanical_drill":1,"create:shaft":4,"quark:soul_bead":3,"kitchenkarrot:pillager_pie":8,"create:empty_blaze_burner":2,"minecraft:ink_sac":2,"argentinas_delight:yerbamate":7,"minecraft:dark_oak_log":1,"minecraft:iron_hoe":3,"cookingforblockheads:spice_rack":1,"minecraft:bread":32,"alexsmobs:maggot":2,"born_in_chaos_v1:rotten_fish":3,"create:copper_valve_handle":1,"minecraft:bricks":3,"biomesoplenty:redwood_log":747,"magistuarmory:iron_bastardsword":1,"minecraft:clay_ball":184,"butchercraft:lamb_ribs":2,"minecraft:red_bed":2,"create:fluid_pipe":21,"minecraft:iron_shovel":1,"butchercraft:kidney":2,"minecraft:iron_nugget":1,"minecraft:poppy":12,"minecraft:spruce_slab":27,"alexsmobs:cockroach_ootheca":3,"kawaiidishes:dark_brown_shoes":1,"create:blaze_cake":1,"minecraft:spruce_fence":21,"fruitstack:september_melon":11,"butchercraft:sinew":21,"born_in_chaos_v1:pieceofdarkmetal":1,"minecraft:carrot":6,"minecraft:redstone":4,"create:vertical_gearbox":1,"minecraft:diamond_chestplate":1,"minecraft:shears":1,"minecraft:diamond_boots":1,"create:depot":1,"born_in_chaos_v1:spiny_shell":4,"minecraft:gold_ingot":6,"minecraft:totem_of_undying":1,"butchercraft:beef_scraps":16,"biomesoplenty:redwood_sapling":128,"minecraft:mutton":10,"minecraft:white_wool":7,"minecraft:oxeye_daisy":1,"minecraft:stripped_oak_log":1,"born_in_chaos_v1:monster_flesh":3,"argentinas_delight:maderadeobra":22,"minecraft:oak_log":107,"minecraft:white_banner":2,"minecraft:apple":7,"minecraft:kelp":39,"quark:redstone_randomizer":1,"argentinas_delight:tabladechancho":1,"minecraft:dark_oak_slab":1,"minecraft:sweet_berries":2,"fruitstack:golden_pure_sheep_horn_honey":6,"minecraft:gravel":7,"minecraft:spruce_sapling":6,"kawaiidishes:bunny_suit_white_tail":1,"minecraft:spruce_log":10,"butchercraft:sheep_carcass":1,"quark:white_shingles":9,"create:gearbox":1,"biomesoplenty:flowering_oak_sapling":11,"butchercraft:leather_scrap":21,"create:millstone":6,"butchercraft:lamb_scraps":10,"cfm:spruce_table":5,"argentinas_delight:lechon_asadoitem":1,"minecraft:redstone_block":7,"butchercraft:pork_scraps":6,"create:cut_tuff_slab":1,"supplementaries:jar":1,"fruitstack:iron_fruit_knife":1,"minecraft:raw_copper":2,"minecraft:smooth_stone_slab":6,"connectedglass:borderless_glass":2,"delightful:acorn":8,"minecraft:rose_bush":41,"minecraft:calcite":2,"argentinas_delight:tomatitos_cherry":1,"minecraft:iron_pickaxe":2,"farmersdelight:cabbage_seeds":9,"minecraft:furnace":4,"minecraft:stick":99,"minecraft:torch":7,"minecraft:spruce_stairs":22,"epicfight:skillbook":1,"minecraft:diorite":265,"butchercraft:sheep_hide":1,"quark:spruce_vertical_slab":4,"cuisinedelight:cuisine_skillet":4,"minecraft:rotten_flesh":77,"argentinas_delight:carnepicadaitem":2,"butchercraft:blood_fluid_bucket":1,"immersive_melodies:flute":1,"argentinas_delight:tirasdechancho":1,"minecraft:cobblestone":288,"bakery:kitchen_sink":1,"chipped:oak_planks_panel":5,"minecraft:repeater":1,"minecraft:dirt":212,"minecraft:glass":6,"minecraft:bone":17,"farmersdelight:iron_knife":1,"minecraft:wheat_seeds":8,"minecraft:grindstone":2,"fruitstack:corpse":26,"create:cogwheel":3,"minecraft:sand":32,"quark:dark_oak_ladder":1,"fruitstack:holboellia_latifolia":20,"butchercraft:heart":1,"farmersdelight:cooked_mutton_chops":4,"alexsmobs:bison_carpet":8,"fruitstack:glutinous_rice_panicle":7,"minecraft:black_concrete":2,"quark:cobblestone_bricks_stairs":1,"born_in_chaos_v1:fire_dust":5,"minecraft:diamond":1,"minecraft:spruce_boat":2,"minecraft:crossbow":1,"minecraft:oak_sapling":21,"minecraft:charcoal":45,"minecraft:allium":6,"minecraft:azure_bluet":1,"minecraft:gold_block":3,"minecraft:shield":2,"some_assembly_required:chopped_carrot":4,"argentinas_delight:grasa":1,"memory_of_the_past:better_drop_of_knowledge":32,"chipped:brick_bond_oak_planks":4,"quark:bonded_leather":1,"supplementaries:cage":2,"quark:shingles_stairs":1,"minecraft:spruce_trapdoor":3,"minecraft:raw_iron":24,"create:hand_crank":10,"butchercraft:cubed_lamb":2,"create:cut_tuff":2,"quark:oak_leaf_carpet":2,"butchercraft:lung":2,"minecraft:arrow":8,"create:experience_nugget":7,"pfm:working_table":2,"butchercraft:sheep_head_item":2,"minecraft:brick_stairs":3,"born_in_chaos_v1:corpse_maggot":12,"memory_of_the_past:lesser_drop_of_knowledge":108,"minecraft:leather":80,"kawaiidishes:cyan_headband_horns_purple":2,"minecraft:granite_stairs":2,"quark:light_gray_framed_glass_pane":2,"alexsmobs:unsettling_kimono":3,"minecraft:cooked_mutton":8,"argentinas_delight:membrillo":16,"minecraft:iron_ingot":12,"born_in_chaos_v1:chipped_black_argillite_brick":1,"butchercraft:liver":1,"minecraft:book":24,"minecraft:oak_slab":1,"bakery:strawberry":2,"create:mechanical_bearing":2,"create:large_water_wheel":2,"supplementaries:sack":6,"quark:glass_item_frame":1,"minecraft:dandelion":1,"minecraft:white_bed":2,"minecraft:blast_furnace":17,"argentinas_delight:hojasdemate":49,"argentinas_delight:espinacaitem":9,"minecraft:spider_eye":7,"minecraft:pumpkin_seeds":2,"minecraft:dried_kelp_block":2,"create:encased_fan":4,"butchercraft:stomach":1,"argentinas_delight:cuernodetoro":4,"minecraft:coal":1,"memory_of_the_past:great_drop_of_knowledge":3,"minecraft:sunflower":6},"minecraft:broken":{"minecraft:iron_sword":1,"minecraft:iron_axe":2,"minecraft:golden_axe":1}},"DataVersion":3120}