{"stats":{"minecraft:dropped":{"memory_of_the_past:better_drop_of_knowledge":1,"memory_of_the_past:lesser_drop_of_knowledge":1,"minecraft:stick":2},"minecraft:mined":{"minecraft:grass":2,"minecraft:grass_block":5,"minecraft:rose_bush":1,"minecraft:sunflower":2,"minecraft:dirt":16,"biomesoplenty:sprout":2,"minecraft:spruce_log":1,"minecraft:azure_bluet":1},"minecraft:used":{"minecraft:dirt":4,"minecraft:sunflower":3},"minecraft:killed_by":{"minecraft:player":1},"minecraft:killed":{"minecraft:skeleton":1,"alexsmobs:seal":1,"minecraft:zombie":1,"born_in_chaos_v1:dread_hound":1,"born_in_chaos_v1:baby_skeleton":1},"minecraft:picked_up":{"minecraft:stick":2,"memory_of_the_past:lesser_drop_of_knowledge":4,"memory_of_the_past:better_drop_of_knowledge":1,"minecraft:bone":1,"born_in_chaos_v1:monster_flesh":1,"minecraft:rotten_flesh":3,"minecraft:wheat_seeds":1,"born_in_chaos_v1:rotten_fish":2,"minecraft:dirt":19,"minecraft:azure_bluet":1,"minecraft:sunflower":3},"minecraft:custom":{"minecraft:time_since_rest":4548,"minecraft:play_time":14779,"minecraft:crouch_one_cm":2853,"minecraft:sprint_one_cm":35564,"minecraft:deaths":1,"minecraft:damage_taken":373,"minecraft:walk_one_cm":34904,"minecraft:sneak_time":595,"minecraft:mob_kills":6,"minecraft:drop":3,"minecraft:jump":233,"minecraft:damage_dealt":993,"minecraft:time_since_death":4521,"minecraft:total_world_time":14779,"minecraft:fall_one_cm":9816,"minecraft:fly_one_cm":70385}},"DataVersion":3120}