{"stats":{"minecraft:killed":{"alexsmobs:seal":1},"minecraft:picked_up":{"memory_of_the_past:lesser_drop_of_knowledge":1},"minecraft:custom":{"minecraft:jump":56,"minecraft:time_since_rest":2779,"minecraft:damage_dealt":100,"minecraft:crouch_one_cm":1827,"minecraft:sprint_one_cm":11711,"minecraft:play_time":2779,"minecraft:damage_taken":20,"minecraft:time_since_death":2779,"minecraft:walk_one_cm":5766,"minecraft:sneak_time":286,"minecraft:total_world_time":2779,"minecraft:mob_kills":1,"minecraft:fall_one_cm":2999,"minecraft:fly_one_cm":22484}},"DataVersion":3120}