{"stats":{"minecraft:dropped":{"minecraft:wheat_seeds":2,"memory_of_the_past:better_drop_of_knowledge":1,"born_in_chaos_v1:rotten_fish":2,"minecraft:iron_helmet":1,"minecraft:rotten_flesh":7,"fruitstack:corpse":2,"minecraft:stick":2,"born_in_chaos_v1:monster_flesh":2,"minecraft:dirt":12,"some_assembly_required:sandwich":4,"minecraft:iron_chestplate":1,"memory_of_the_past:lesser_drop_of_knowledge":1,"born_in_chaos_v1:corpse_maggot":3,"minecraft:bone":1},"minecraft:mined":{"minecraft:blast_furnace":1,"minecraft:grass_block":12,"minecraft:rose_bush":1,"biomesoplenty:sprout":3,"farmersdelight:wild_onions":2,"minecraft:spruce_log":1,"minecraft:azure_bluet":1,"minecraft:grass":3,"minecraft:lantern":1,"minecraft:sunflower":4,"minecraft:gravel":8,"minecraft:dirt":27,"minecraft:stone":6,"minecraft:fern":1},"minecraft:used":{"minecraft:rose_bush":1,"minecraft:stone_pickaxe":4,"minecraft:poppy":1,"minecraft:spruce_planks":1,"minecraft:wooden_pickaxe":6,"minecraft:iron_chestplate":1,"farmersdelight:onion":1,"minecraft:dirt":25,"minecraft:crafting_table":1,"minecraft:allium":6,"some_assembly_required:sandwich":4,"cfm:spruce_table":1,"born_in_chaos_v1:corpse_maggot":4,"minecraft:sunflower":5,"minecraft:gravel":7,"minecraft:cobblestone":1,"minecraft:sweet_berries":2},"minecraft:killed":{"born_in_chaos_v1:baby_skeleton":1,"alexsmobs:seal":1,"minecraft:skeleton":2,"minecraft:zombie":2,"born_in_chaos_v1:dread_hound":1,"born_in_chaos_v1:corpse_fly":1},"minecraft:killed_by":{"minecraft:player":1,"minecraft:zombie":1,"born_in_chaos_v1:corpse_fly":1},"minecraft:picked_up":{"memory_of_the_past:lesser_drop_of_knowledge":7,"born_in_chaos_v1:corpse_maggot":7,"minecraft:allium":6,"minecraft:azure_bluet":1,"born_in_chaos_v1:monster_flesh":2,"minecraft:flint":1,"minecraft:dirt":37,"minecraft:lantern":1,"memory_of_the_past:better_drop_of_knowledge":1,"minecraft:bone":2,"minecraft:wheat_seeds":2,"minecraft:rose_bush":1,"minecraft:poppy":1,"fruitstack:corpse":4,"minecraft:stick":2,"minecraft:torch":1,"minecraft:gravel":7,"minecraft:blast_furnace":1,"minecraft:arrow":2,"minecraft:rotten_flesh":7,"farmersdelight:onion":2,"born_in_chaos_v1:rotten_fish":2,"minecraft:cobblestone":6,"minecraft:sunflower":6},"minecraft:crafted":{"minecraft:crafting_table":1,"minecraft:spruce_planks":48,"minecraft:wooden_pickaxe":1,"cfm:spruce_table":4,"minecraft:stick":4,"minecraft:stone_pickaxe":1},"minecraft:custom":{"minecraft:interact_with_furnace":2,"minecraft:mob_kills":9,"minecraft:interact_with_crafting_table":3,"minecraft:open_barrel":1,"minecraft:time_since_death":4849,"minecraft:sleep_in_bed":1,"minecraft:climb_one_cm":4189,"minecraft:time_since_rest":4876,"minecraft:waystone_activated":1,"minecraft:sprint_one_cm":108381,"minecraft:damage_taken":951,"minecraft:walk_one_cm":210496,"minecraft:drop":27,"minecraft:damage_dealt":1267,"minecraft:swim_one_cm":4527,"minecraft:fly_one_cm":185463,"minecraft:open_chest":20,"minecraft:crouch_one_cm":7239,"minecraft:play_time":38779,"minecraft:deaths":3,"minecraft:sneak_time":1388,"minecraft:walk_under_water_one_cm":1043,"minecraft:jump":683,"minecraft:walk_on_water_one_cm":729,"minecraft:total_world_time":38779,"minecraft:fall_one_cm":23641}},"DataVersion":3120}