{"stats":{"minecraft:dropped":{"born_in_chaos_v1:monster_flesh":2,"minecraft:dirt":12,"memory_of_the_past:better_drop_of_knowledge":1,"minecraft:iron_chestplate":1,"memory_of_the_past:lesser_drop_of_knowledge":1,"born_in_chaos_v1:corpse_maggot":3,"born_in_chaos_v1:rotten_fish":2,"minecraft:iron_helmet":1,"fruitstack:corpse":2,"minecraft:rotten_flesh":6,"minecraft:bone":1,"minecraft:stick":2},"minecraft:mined":{"minecraft:spruce_log":1,"minecraft:azure_bluet":1,"minecraft:grass":2,"minecraft:grass_block":11,"minecraft:rose_bush":1,"minecraft:gravel":8,"minecraft:sunflower":4,"minecraft:dirt":26,"biomesoplenty:sprout":2,"minecraft:fern":1},"minecraft:used":{"born_in_chaos_v1:corpse_maggot":4,"minecraft:sunflower":5,"minecraft:poppy":1,"minecraft:gravel":7,"minecraft:iron_chestplate":1,"minecraft:dirt":23},"minecraft:killed_by":{"born_in_chaos_v1:corpse_fly":1,"minecraft:player":1},"minecraft:killed":{"minecraft:skeleton":1,"minecraft:zombie":1,"born_in_chaos_v1:dread_hound":1,"born_in_chaos_v1:corpse_fly":1,"born_in_chaos_v1:baby_skeleton":1,"alexsmobs:seal":1},"minecraft:picked_up":{"fruitstack:corpse":3,"born_in_chaos_v1:corpse_maggot":7,"memory_of_the_past:lesser_drop_of_knowledge":6,"minecraft:stick":2,"minecraft:azure_bluet":1,"born_in_chaos_v1:monster_flesh":2,"minecraft:torch":1,"minecraft:gravel":7,"minecraft:flint":1,"minecraft:dirt":35,"memory_of_the_past:better_drop_of_knowledge":1,"minecraft:bone":2,"minecraft:rotten_flesh":6,"minecraft:wheat_seeds":1,"minecraft:rose_bush":1,"minecraft:poppy":1,"born_in_chaos_v1:rotten_fish":2,"minecraft:sunflower":6},"minecraft:custom":{"minecraft:time_since_rest":7733,"minecraft:sprint_one_cm":61885,"minecraft:damage_taken":803,"minecraft:walk_one_cm":132431,"minecraft:mob_kills":7,"minecraft:drop":21,"minecraft:damage_dealt":1168,"minecraft:fly_one_cm":129437,"minecraft:open_chest":2,"minecraft:crouch_one_cm":6203,"minecraft:play_time":26779,"minecraft:deaths":2,"minecraft:sneak_time":1178,"minecraft:jump":470,"minecraft:time_since_death":7704,"minecraft:total_world_time":26779,"minecraft:fall_one_cm":17788}},"DataVersion":3120}