{"stats":{"minecraft:dropped":{"minecraft:wheat_seeds":2,"memory_of_the_past:better_drop_of_knowledge":6,"minecraft:cobblestone":1,"born_in_chaos_v1:rotten_fish":2,"minecraft:iron_helmet":1,"minecraft:rotten_flesh":12,"fruitstack:corpse":13,"minecraft:pumpkin_seeds":4,"minecraft:stick":8,"born_in_chaos_v1:monster_flesh":2,"minecraft:dirt":12,"some_assembly_required:sandwich":4,"minecraft:iron_chestplate":1,"memory_of_the_past:lesser_drop_of_knowledge":18,"born_in_chaos_v1:corpse_maggot":3,"kawaiidishes:bunny_suit_white_tail":1,"minecraft:potion":1,"pfm:furniture_book":1,"minecraft:arrow":2,"minecraft:wooden_pickaxe":1,"minecraft:bone":2},"minecraft:mined":{"minecraft:spruce_planks":12,"minecraft:blast_furnace":8,"minecraft:grass_block":16,"minecraft:calcite":3,"minecraft:rose_bush":1,"minecraft:cobblestone":1,"biomesoplenty:sprout":3,"minecraft:diorite":2,"minecraft:spawner":1,"farmersdelight:wild_onions":2,"minecraft:spruce_log":1,"minecraft:azure_bluet":1,"minecraft:grass":3,"minecraft:coal_ore":1,"biomesoplenty:fir_leaves":3,"minecraft:lantern":2,"minecraft:sunflower":4,"minecraft:gravel":8,"minecraft:dirt":31,"minecraft:stone":6,"supplementaries:wall_lantern":1,"minecraft:fern":1},"minecraft:used":{"minecraft:calcite":2,"minecraft:diorite":2,"minecraft:rose_bush":1,"minecraft:stone_pickaxe":29,"minecraft:poppy":1,"minecraft:shield":10,"minecraft:spruce_planks":29,"minecraft:wooden_pickaxe":6,"minecraft:iron_sword":95,"minecraft:iron_chestplate":1,"minecraft:torch":2,"farmersdelight:onion":1,"minecraft:dirt":33,"minecraft:crafting_table":1,"minecraft:allium":6,"some_assembly_required:sandwich":7,"minecraft:cake":1,"cfm:spruce_table":1,"minecraft:azure_bluet":1,"born_in_chaos_v1:corpse_maggot":4,"minecraft:apple":1,"quark:spruce_chest":1,"minecraft:sunflower":6,"minecraft:iron_axe":12,"minecraft:lantern":2,"kawaiidishes:dark_brown_shoes":1,"minecraft:spruce_trapdoor":1,"minecraft:gravel":7,"minecraft:cobblestone":2,"minecraft:sweet_berries":2,"minecraft:iron_leggings":1},"minecraft:killed":{"minecraft:husk":16,"born_in_chaos_v1:baby_skeleton":1,"alexsmobs:seal":1,"born_in_chaos_v1:maggot":2,"minecraft:skeleton":2,"minecraft:zombie":2,"born_in_chaos_v1:dread_hound":1,"born_in_chaos_v1:corpse_fly":1},"minecraft:killed_by":{"minecraft:husk":5,"minecraft:player":2,"minecraft:zombie":1,"born_in_chaos_v1:corpse_fly":1},"minecraft:picked_up":{"memory_of_the_past:lesser_drop_of_knowledge":35,"born_in_chaos_v1:corpse_maggot":7,"minecraft:allium":6,"minecraft:azure_bluet":1,"born_in_chaos_v1:monster_flesh":2,"minecraft:flint":1,"minecraft:dirt":45,"minecraft:lantern":3,"memory_of_the_past:better_drop_of_knowledge":8,"minecraft:bone":2,"minecraft:wheat_seeds":2,"minecraft:spruce_planks":12,"minecraft:rose_bush":1,"minecraft:calcite":2,"minecraft:poppy":1,"minecraft:spruce_trapdoor":1,"fruitstack:corpse":15,"minecraft:stick":8,"minecraft:sweet_berries":2,"kawaiidishes:dark_brown_shoes":1,"minecraft:torch":2,"minecraft:gravel":7,"kawaiidishes:bunny_suit_white_tail":1,"minecraft:diorite":2,"minecraft:blast_furnace":8,"minecraft:pumpkin_seeds":2,"minecraft:arrow":2,"minecraft:rotten_flesh":23,"farmersdelight:onion":2,"cfm:spruce_table":1,"born_in_chaos_v1:rotten_fish":2,"memory_of_the_past:great_drop_of_knowledge":1,"minecraft:coal":1,"minecraft:cobblestone":7,"minecraft:sunflower":6},"minecraft:crafted":{"minecraft:crafting_table":1,"minecraft:spruce_planks":48,"minecraft:wooden_pickaxe":1,"minecraft:iron_sword":1,"cfm:spruce_table":4,"minecraft:shield":1,"minecraft:stick":8,"minecraft:stone_pickaxe":1,"minecraft:iron_leggings":1,"quark:spruce_chest":1},"minecraft:custom":{"minecraft:interact_with_furnace":2,"minecraft:mob_kills":28,"minecraft:interact_with_crafting_table":10,"minecraft:open_barrel":14,"minecraft:damage_dealt_resisted":60,"minecraft:eat_cake_slice":2,"minecraft:time_since_death":3529,"minecraft:sleep_in_bed":1,"minecraft:climb_one_cm":4189,"minecraft:time_since_rest":3562,"minecraft:waystone_activated":1,"minecraft:sprint_one_cm":151235,"minecraft:damage_taken":3162,"minecraft:walk_one_cm":300801,"minecraft:damage_blocked_by_shield":190,"minecraft:drop":72,"minecraft:damage_dealt":9049,"minecraft:play_noteblock":1,"minecraft:swim_one_cm":4527,"minecraft:fly_one_cm":239727,"minecraft:open_chest":29,"minecraft:crouch_one_cm":11158,"minecraft:play_time":62779,"minecraft:deaths":10,"minecraft:sneak_time":1982,"minecraft:walk_under_water_one_cm":1043,"minecraft:jump":1020,"minecraft:interact_with_blast_furnace":1,"minecraft:walk_on_water_one_cm":729,"minecraft:total_world_time":62779,"minecraft:fall_one_cm":26207}},"DataVersion":3120}