{"stats":{"minecraft:broken":{"minecraft:iron_sword":1,"minecraft:iron_axe":1},"minecraft:killed_by":{"minecraft:wither_skeleton":1,"minecraft:pillager":1,"born_in_chaos_v1:corpse_fly":1,"minecraft:cave_spider":4,"minecraft:zombie":2,"minecraft:cow":1,"minecraft:husk":5,"minecraft:player":3,"born_in_chaos_v1:maggot":1},"minecraft:used":{"minecraft:spruce_slab":11,"minecraft:poppy":1,"minecraft:shield":50,"minecraft:white_terracotta":15,"minecraft:iron_sword":249,"minecraft:iron_chestplate":1,"minecraft:brick_slab":43,"minecraft:allium":6,"create:depot":1,"minecraft:azure_bluet":1,"magistuarmory:iron_bastardsword":65,"minecraft:glass":2,"minecraft:spruce_boat":2,"born_in_chaos_v1:corpse_maggot":4,"minecraft:lantern":4,"connectedglass:borderless_glass_pane":6,"farmersdelight:cutting_board":1,"minecraft:written_book":1,"minecraft:sweet_berries":8,"ascendant_mobs:territorialsoilblock":1,"epicfight:skillbook":2,"minecraft:diorite":3,"minecraft:stone_pickaxe":50,"minecraft:wooden_pickaxe":6,"supplementaries:candle_holder":2,"minecraft:blast_furnace":6,"some_assembly_required:sandwich":13,"cfm:spruce_table":1,"minecraft:dark_oak_log":1,"minecraft:melon_slice":22,"minecraft:bread":27,"minecraft:string":1,"quark:shingles_stairs":3,"quark:soul_bead":1,"minecraft:gravel":7,"minecraft:smooth_stone_slab":6,"minecraft:rose_bush":1,"minecraft:granite_stairs":7,"minecraft:spruce_planks":84,"supplementaries:candle_holder_black":1,"argentinas_delight:yerbamate":1,"minecraft:torch":2,"minecraft:dirt":64,"minecraft:spruce_stairs":8,"quark:white_shingles":4,"minecraft:spruce_fence":6,"supplementaries:doormat":1,"quark:spruce_chest":1,"minecraft:iron_axe":267,"minecraft:brick_stairs":11,"kawaiidishes:dark_brown_shoes":1,"minecraft:iron_leggings":1,"minecraft:calcite":2,"farmersdelight:iron_knife":35,"minecraft:water_bucket":1,"supplementaries:sack":1,"born_in_chaos_v1:black_argillite_brick_stairs":1,"farmersdelight:onion":1,"minecraft:oak_slab":1,"minecraft:crafting_table":3,"minecraft:red_bed":2,"bakery:strawberry":2,"minecraft:white_bed":1,"minecraft:cake":1,"minecraft:spruce_log":12,"minecraft:oak_log":27,"minecraft:diamond_pickaxe":7,"minecraft:apple":1,"supplementaries:cage":1,"minecraft:sunflower":6,"minecraft:iron_pickaxe":52,"minecraft:spruce_trapdoor":3,"quark:light_gray_framed_glass_pane":3,"minecraft:cobblestone":4,"travelersbackpack:standard":3,"minecraft:bucket":1,"create:hand_crank":1},"minecraft:killed":{"minecraft:cave_spider":10,"born_in_chaos_v1:restless_spirit":1,"minecraft:spider":4,"minecraft:skeleton":4,"born_in_chaos_v1:firelight_not_despawn":3,"minecraft:pig":2,"alexsmobs:seal":2,"minecraft:sheep":1,"minecraft:pillager":11,"minecraft:goat":3,"minecraft:zombie":15,"born_in_chaos_v1:dread_hound":2,"born_in_chaos_v1:corpse_fly":1,"alexsmobs:fly":1,"minecraft:cow":13,"minecraft:vindicator":3,"alexsmobs:seagull":2,"born_in_chaos_v1:thornshell_crab":1,"born_in_chaos_v1:zombie_bruiser":1,"born_in_chaos_v1:maggot":7,"born_in_chaos_v1:barrel_zombie":1,"minecraft:husk":19,"born_in_chaos_v1:baby_skeleton":1,"born_in_chaos_v1:decrepit_skeleton":1,"quark:wraith":1},"minecraft:picked_up":{"ascendant_mobs:territorialsoilblock":1,"butchercraft:pork_scraps":5,"create:cut_tuff_slab":1,"supplementaries:candle_holder":2,"connectedglass:borderless_glass_pane":3,"minecraft:string":23,"minecraft:raw_copper":2,"minecraft:smooth_stone_slab":6,"minecraft:spruce_planks":47,"minecraft:rose_bush":4,"minecraft:calcite":2,"minecraft:iron_pickaxe":2,"minecraft:melon_slice":74,"farmersdelight:cabbage_seeds":3,"minecraft:stick":14,"minecraft:torch":2,"minecraft:spruce_stairs":22,"epicfight:skillbook":1,"minecraft:diorite":3,"born_in_chaos_v1:black_argillite_brick_stairs":1,"quark:spruce_vertical_slab":4,"quark:clear_shard":3,"minecraft:rotten_flesh":69,"farmersdelight:onion":2,"artifacts:villager_hat":1,"minecraft:iron_block":5,"minecraft:white_terracotta":16,"minecraft:iron_bars":17,"minecraft:cobblestone":9,"minecraft:sponge":3,"minecraft:feather":5,"minecraft:repeater":1,"minecraft:flint":1,"minecraft:stripped_spruce_wood":8,"minecraft:dirt":83,"minecraft:lantern":4,"supplementaries:doormat":1,"minecraft:glass":6,"minecraft:bone":4,"farmersdelight:iron_knife":1,"minecraft:wheat_seeds":6,"quark:soul_bead":1,"fruitstack:corpse":25,"kitchenkarrot:pillager_pie":8,"quark:dark_oak_ladder":1,"minecraft:sand":32,"minecraft:ink_sac":2,"argentinas_delight:yerbamate":5,"alexsmobs:bison_carpet":8,"minecraft:dark_oak_log":1,"born_in_chaos_v1:fire_dust":5,"minecraft:spruce_boat":2,"minecraft:crossbow":1,"minecraft:bread":32,"alexsmobs:maggot":2,"born_in_chaos_v1:rotten_fish":3,"minecraft:charcoal":4,"minecraft:allium":6,"minecraft:azure_bluet":1,"minecraft:gold_block":3,"minecraft:shield":2,"minecraft:red_bed":2,"memory_of_the_past:better_drop_of_knowledge":31,"quark:bonded_leather":1,"minecraft:iron_nugget":1,"minecraft:poppy":1,"minecraft:spruce_slab":25,"supplementaries:cage":2,"quark:shingles_stairs":1,"minecraft:spruce_trapdoor":2,"kawaiidishes:dark_brown_shoes":1,"minecraft:spruce_fence":21,"create:hand_crank":1,"born_in_chaos_v1:pieceofdarkmetal":1,"minecraft:carrot":6,"minecraft:redstone":4,"quark:oak_leaf_carpet":1,"create:cut_tuff":2,"minecraft:arrow":8,"minecraft:diamond_chestplate":1,"minecraft:shears":1,"create:depot":1,"born_in_chaos_v1:spiny_shell":4,"minecraft:gold_ingot":6,"minecraft:totem_of_undying":1,"butchercraft:beef_scraps":16,"minecraft:brick_stairs":3,"minecraft:white_wool":6,"minecraft:stripped_oak_log":1,"memory_of_the_past:lesser_drop_of_knowledge":93,"born_in_chaos_v1:corpse_maggot":12,"born_in_chaos_v1:monster_flesh":2,"minecraft:leather":68,"kawaiidishes:cyan_headband_horns_purple":2,"minecraft:granite_stairs":2,"minecraft:oak_log":25,"quark:light_gray_framed_glass_pane":2,"minecraft:iron_ingot":3,"born_in_chaos_v1:chipped_black_argillite_brick":1,"quark:redstone_randomizer":1,"minecraft:book":21,"minecraft:oak_slab":1,"bakery:strawberry":2,"create:mechanical_bearing":2,"minecraft:dark_oak_slab":1,"minecraft:sweet_berries":2,"supplementaries:sack":1,"quark:glass_item_frame":1,"minecraft:gravel":7,"minecraft:blast_furnace":16,"kawaiidishes:bunny_suit_white_tail":1,"argentinas_delight:hojasdemate":25,"minecraft:white_bed":2,"minecraft:spruce_log":3,"quark:white_shingles":8,"minecraft:spider_eye":7,"butchercraft:leather_scrap":14,"minecraft:pumpkin_seeds":2,"minecraft:dried_kelp_block":2,"butchercraft:lamb_scraps":1,"cfm:spruce_table":5,"argentinas_delight:cuernodetoro":4,"memory_of_the_past:great_drop_of_knowledge":3,"minecraft:coal":1,"minecraft:sunflower":6},"minecraft:custom":{"minecraft:interact_with_crafting_table":32,"minecraft:open_barrel":58,"minecraft:eat_cake_slice":2,"minecraft:leave_game":2,"minecraft:time_since_death":48718,"minecraft:sprint_one_cm":741781,"minecraft:damage_blocked_by_shield":2039,"minecraft:drop":244,"minecraft:play_noteblock":1,"minecraft:talked_to_villager":2,"minecraft:play_time":204533,"minecraft:deaths":20,"minecraft:jump":3794,"minecraft:walk_on_water_one_cm":6566,"minecraft:interact_with_furnace":25,"minecraft:sleep_in_bed":8,"minecraft:waystone_activated":1,"minecraft:damage_dealt":55769,"minecraft:crouch_one_cm":49355,"minecraft:mob_kills":112,"minecraft:damage_dealt_resisted":80,"minecraft:climb_one_cm":48427,"minecraft:walk_one_cm":1085079,"minecraft:sneak_time":8648,"minecraft:walk_under_water_one_cm":6040,"minecraft:boat_one_cm":79757,"minecraft:interact_with_blast_furnace":9,"minecraft:total_world_time":204533,"minecraft:time_since_rest":9553,"minecraft:damage_taken":7282,"minecraft:trigger_trapped_chest":10,"minecraft:swim_one_cm":12332,"minecraft:fly_one_cm":1124739,"minecraft:open_chest":89,"minecraft:fall_one_cm":88570},"minecraft:crafted":{"minecraft:oak_planks":4,"magistuarmory:iron_shortsword":1,"connectedglass:borderless_glass":8,"cfm:spruce_table":4,"minecraft:glass":28,"minecraft:iron_boots":1,"minecraft:crafting_table":3,"minecraft:spruce_planks":120,"farmersdelight:iron_knife":1,"minecraft:wooden_pickaxe":1,"travelersbackpack:standard":2,"minecraft:iron_helmet":1,"farmersdelight:cutting_board":1,"minecraft:diamond_pickaxe":1,"minecraft:shield":1,"minecraft:stick":28,"minecraft:iron_ingot":42,"minecraft:gold_ingot":27,"minecraft:shears":1,"magistuarmory:leather_strip":6,"minecraft:redstone":27,"comforts:sleeping_bag_white":2,"magistuarmory:hilt":1,"travelersbackpack:white_sleeping_bag":2,"minecraft:leather":9,"minecraft:iron_axe":1,"minecraft:stone_pickaxe":1,"magistuarmory:iron_bastardsword":1,"minecraft:spruce_boat":1,"quark:spruce_chest":3,"butchercraft:leather_cord":3,"travelersbackpack:backpack_tank":4,"minecraft:iron_sword":1,"connectedglass:borderless_glass_pane":16,"minecraft:air":0,"minecraft:iron_leggings":1},"minecraft:mined":{"minecraft:dark_oak_planks":1,"minecraft:spruce_planks":38,"minecraft:white_bed":2,"quark:orange_blossom_leaves":7,"supplementaries:candle_holder":2,"minecraft:spruce_trapdoor":10,"argentinas_delight:hojasdemate":25,"minecraft:grass_block":16,"fruitstack:wild_golden_pure_sheep_horn_honey":1,"minecraft:spawner":6,"minecraft:fire":1,"quark:light_gray_framed_glass_pane":2,"born_in_chaos_v1:black_argillite_brick_stairs":1,"biomesoplenty:lavender":1,"minecraft:azure_bluet":1,"minecraft:iron_bars":3,"create:red_seat":1,"minecraft:granite_stairs":2,"minecraft:spruce_slab":9,"alexsmobs:bison_carpet":15,"minecraft:brown_mushroom":1,"minecraft:red_bed":1,"minecraft:powder_snow":2,"create:cut_tuff_slab":2,"minecraft:blast_furnace":10,"minecraft:calcite":3,"minecraft:glass":1,"minecraft:cobblestone":5,"minecraft:white_terracotta":15,"minecraft:dark_oak_slab":4,"quark:spruce_vertical_slab":4,"minecraft:smooth_stone_slab":5,"minecraft:grass":36,"minecraft:oak_log":22,"minecraft:sand":33,"minecraft:dirt":38,"quark:dirty_glass_pane":1,"farmersdelight:wild_carrots":6,"minecraft:dark_oak_log":2,"minecraft:spruce_fence":13,"minecraft:brick_stairs":2,"create:depot":1,"minecraft:redstone_wire":4,"farmersdelight:wild_onions":2,"quark:bonded_leather":1,"minecraft:oak_trapdoor":1,"minecraft:lantern":3,"supplementaries:netherite_trapdoor":1,"minecraft:stripped_oak_log":1,"minecraft:stone":6,"supplementaries:wall_lantern":3,"minecraft:oak_slab":2,"minecraft:dandelion":1,"quark:spruce_bookshelf":7,"minecraft:sponge":2,"minecraft:rose_bush":2,"minecraft:campfire":2,"supplementaries:sack":1,"minecraft:tall_grass":2,"born_in_chaos_v1:chipped_black_argillite_brick":1,"minecraft:dried_kelp_block":2,"biomesoplenty:sprout":6,"minecraft:diorite":3,"supplementaries:cage":1,"supplementaries:urn":2,"minecraft:spruce_stairs":18,"minecraft:stripped_spruce_wood":8,"minecraft:sweet_berry_bush":1,"supplementaries:doormat":1,"minecraft:spruce_log":5,"ascendant_mobs:territorialsoilblock":1,"quark:white_shingles":9,"supplementaries:netherite_door":1,"minecraft:coal_ore":1,"create:mechanical_bearing":1,"biomesoplenty:fir_leaves":3,"minecraft:sunflower":4,"minecraft:gravel":8,"quark:shingles_stairs":1,"minecraft:cobweb":1,"minecraft:fern":1},"minecraft:dropped":{"farmersdelight:iron_knife":1,"butchercraft:beef_scraps":16,"butchercraft:leather_scrap":11,"minecraft:dark_oak_slab":1,"minecraft:crossbow":1,"minecraft:leather":66,"kitchenkarrot:pillager_pie":8,"born_in_chaos_v1:pieceofdarkmetal":1,"travelersbackpack:standard":1,"minecraft:flint":1,"born_in_chaos_v1:monster_flesh":2,"minecraft:dirt":26,"kawaiidishes:bunny_suit_white_tail":1,"minecraft:axolotl_bucket":1,"minecraft:gold_ingot":6,"minecraft:bone":4,"born_in_chaos_v1:fire_dust":2,"alexsmobs:animal_dictionary":1,"minecraft:rotten_flesh":69,"fruitstack:corpse":25,"artifacts:villager_hat":1,"kawaiidishes:cyan_headband_horns_purple":1,"quark:redstone_randomizer":1,"cfm:spruce_table":8,"create:mechanical_bearing":1,"argentinas_delight:cuernodetoro":3,"alexsmobs:bison_carpet":2,"born_in_chaos_v1:chipped_black_argillite_brick":1,"born_in_chaos_v1:corpse_maggot":6,"create:cut_tuff_slab":1,"minecraft:spruce_slab":6,"minecraft:iron_bars":12,"minecraft:arrow":8,"minecraft:glass":4,"minecraft:bread":37,"minecraft:wheat_seeds":6,"butchercraft:pork_scraps":5,"memory_of_the_past:better_drop_of_knowledge":8,"quark:white_shingles":1,"minecraft:feather":5,"minecraft:iron_helmet":1,"minecraft:cobblestone":2,"connectedglass:borderless_glass_pane":3,"minecraft:spruce_stairs":1,"minecraft:golden_apple":1,"quark:glass_item_frame":1,"minecraft:stick":17,"butchercraft:lamb_scraps":1,"minecraft:dried_kelp_block":2,"minecraft:ink_sac":2,"minecraft:repeater":1,"memory_of_the_past:lesser_drop_of_knowledge":20,"minecraft:rose_bush":3,"minecraft:melon_slice":25,"minecraft:potion":1,"quark:soul_bead":1,"minecraft:iron_axe":1,"minecraft:string":12,"butchercraft:leather_cord":3,"quark:oak_leaf_carpet":1,"alexsmobs:maggot":4,"minecraft:raw_copper":2,"farmersdelight:cabbage_seeds":9,"born_in_chaos_v1:rotten_fish":3,"minecraft:totem_of_undying":1,"minecraft:spruce_fence":8,"minecraft:shears":1,"minecraft:pumpkin_seeds":4,"supplementaries:cage":1,"minecraft:blast_furnace":6,"minecraft:spruce_boat":1,"minecraft:shield":2,"quark:dark_oak_ladder":1,"some_assembly_required:sandwich":5,"quark:light_gray_framed_glass_pane":1,"minecraft:iron_chestplate":1,"born_in_chaos_v1:spiny_shell":4,"minecraft:spider_eye":1,"create:cut_tuff":2,"pfm:furniture_book":1,"minecraft:stone_pickaxe":1,"minecraft:wooden_pickaxe":1}},"DataVersion":3120}