{"stats":{"minecraft:broken":{"minecraft:stone_sword":1,"minecraft:iron_sword":1,"minecraft:wooden_pickaxe":1},"minecraft:used":{"epicfight:skillbook":1,"minecraft:stone_sword":130,"minecraft:stone_pickaxe":38,"minecraft:baked_potato":7,"minecraft:spruce_planks":3,"minecraft:wooden_pickaxe":51,"minecraft:iron_sword":403,"minecraft:player_head":1,"minecraft:torch":12,"minecraft:dirt":34,"minecraft:white_bed":1,"minecraft:spruce_stairs":1,"some_assembly_required:sandwich":6,"minecraft:crafting_table":2,"alexsmobs:maggot":1,"born_in_chaos_v1:monster_flesh":1,"minecraft:bread":5,"minecraft:iron_pickaxe":14,"minecraft:soul_lantern":2,"minecraft:cobblestone":8,"born_in_chaos_v1:rotten_fish":2,"minecraft:written_book":3,"alexsmobs:animal_dictionary":1,"minecraft:potato":41},"minecraft:killed_by":{"mowziesmobs:naga":1,"minecraft:husk":5,"born_in_chaos_v1:corpse_fly":1,"minecraft:cow":1,"born_in_chaos_v1:maggot":1},"minecraft:killed":{"minecraft:husk":30,"minecraft:spider":1,"born_in_chaos_v1:maggot":7,"minecraft:sheep":1,"minecraft:pillager":1,"minecraft:zombie":2,"born_in_chaos_v1:corpse_fly":2,"alexsmobs:fly":5},"minecraft:picked_up":{"born_in_chaos_v1:corpse_maggot":6,"memory_of_the_past:lesser_drop_of_knowledge":46,"minecraft:iron_chestplate":1,"minecraft:azure_bluet":5,"born_in_chaos_v1:monster_flesh":1,"minecraft:potato":3,"minecraft:potion":1,"minecraft:dirt":41,"memory_of_the_past:better_drop_of_knowledge":9,"minecraft:bone":3,"minecraft:wheat_seeds":11,"minecraft:spruce_planks":5,"minecraft:iron_ingot":18,"minecraft:rose_bush":12,"minecraft:written_book":2,"minecraft:player_head":1,"minecraft:calcite":1,"minecraft:coal_block":2,"minecraft:chest":1,"minecraft:spruce_trapdoor":1,"minecraft:book":3,"fruitstack:corpse":11,"kitchenkarrot:pillager_pie":2,"minecraft:sweet_berries":4,"minecraft:torch":4,"minecraft:spruce_stairs":1,"epicfight:skillbook":1,"minecraft:spruce_sapling":1,"kawaiidishes:bunny_suit_white_tail":1,"minecraft:pointed_dripstone":5,"minecraft:white_bed":1,"minecraft:spruce_log":10,"alexsmobs:animal_dictionary":3,"alexsmobs:bison_carpet":1,"butchercraft:leather_scrap":1,"minecraft:rotten_flesh":46,"some_assembly_required:sandwich":6,"minecraft:soul_lantern":2,"minecraft:iron_helmet":1,"minecraft:crossbow":1,"cfm:spruce_table":1,"alexsmobs:maggot":11,"butchercraft:beef_scraps":6,"pfm:furniture_book":2,"create:red_seat":1,"born_in_chaos_v1:rotten_fish":2,"minecraft:coal":25,"minecraft:cobblestone":39},"minecraft:custom":{"minecraft:interact_with_furnace":3,"minecraft:mob_kills":51,"minecraft:interact_with_crafting_table":10,"minecraft:tune_noteblock":7,"minecraft:leave_game":1,"minecraft:time_since_death":3114,"minecraft:damage_dealt_resisted":10,"minecraft:sleep_in_bed":3,"minecraft:time_since_rest":3160,"minecraft:sprint_one_cm":402335,"minecraft:damage_taken":3346,"minecraft:walk_one_cm":336687,"minecraft:trigger_trapped_chest":1,"minecraft:drop":36,"minecraft:damage_dealt":18131,"minecraft:player_kills":3,"minecraft:swim_one_cm":7711,"minecraft:fly_one_cm":49343,"minecraft:talked_to_villager":3,"minecraft:open_chest":11,"minecraft:crouch_one_cm":4892,"minecraft:play_time":75770,"minecraft:deaths":9,"minecraft:sneak_time":1943,"minecraft:walk_under_water_one_cm":2690,"minecraft:jump":503,"minecraft:interact_with_blast_furnace":1,"minecraft:total_world_time":75770,"minecraft:walk_on_water_one_cm":5340,"minecraft:fall_one_cm":10919},"minecraft:crafted":{"minecraft:crafting_table":2,"minecraft:spruce_planks":34,"minecraft:wooden_pickaxe":1,"minecraft:baked_potato":10,"minecraft:iron_sword":2,"minecraft:iron_boots":1,"minecraft:stick":12,"minecraft:stone_pickaxe":1,"minecraft:stone_sword":1,"minecraft:iron_leggings":1,"minecraft:torch":8},"minecraft:mined":{"minecraft:spruce_planks":5,"minecraft:white_bed":1,"quark:iron_pillar":2,"minecraft:soul_lantern":2,"minecraft:spruce_trapdoor":1,"minecraft:torch":1,"minecraft:grass_block":6,"minecraft:chest":1,"minecraft:rose_bush":3,"minecraft:coal_block":2,"minecraft:tall_grass":6,"minecraft:cobblestone":1,"cfm:spruce_table":1,"biomesoplenty:sprout":1,"minecraft:wall_torch":3,"minecraft:spruce_stairs":2,"biomesoplenty:lavender":1,"some_assembly_required:sandwich":2,"minecraft:grass":25,"quark:rusty_iron_plate":1,"minecraft:bookshelf":1,"minecraft:pointed_dripstone":4,"minecraft:coal_ore":26,"minecraft:sunflower":2,"minecraft:dirt":13,"minecraft:stone":38,"minecraft:player_head":1},"minecraft:dropped":{"minecraft:iron_ingot":1,"minecraft:bread":6,"minecraft:sweet_berries":6,"minecraft:wheat_seeds":6,"alexsmobs:animal_dictionary":4,"farmersdelight:cabbage_seeds":5,"kitchenkarrot:pillager_pie":1,"cfm:spruce_table":1,"minecraft:azure_bluet":3,"minecraft:pumpkin_seeds":6,"minecraft:dirt":7,"minecraft:potato":1,"alexsmobs:bison_carpet":1,"minecraft:spruce_trapdoor":1,"minecraft:rose_bush":12,"pfm:furniture_book":3,"minecraft:written_book":2}},"DataVersion":3120}