{"stats":{"minecraft:broken":{"minecraft:stone_sword":1,"minecraft:wooden_pickaxe":1,"minecraft:stone_pickaxe":1,"minecraft:iron_axe":1,"minecraft:iron_sword":1},"minecraft:used":{"minecraft:stone_sword":130,"minecraft:spruce_slab":37,"minecraft:spruce_planks":8,"minecraft:iron_sword":480,"minecraft:player_head":1,"minecraft:torch":12,"minecraft:dirt":35,"minecraft:spruce_stairs":1,"alexsmobs:maggot":1,"born_in_chaos_v1:chipped_black_argillite_brick":1,"born_in_chaos_v1:black_argillite_button":1,"minecraft:iron_axe":109,"quark:spruce_chest":1,"minecraft:lantern":3,"minecraft:dark_oak_slab":17,"minecraft:totem_of_undying":1,"minecraft:written_book":3,"minecraft:gray_bed":1,"create:cut_tuff":1,"minecraft:potato":41,"epicfight:skillbook":1,"supplementaries:sack":1,"minecraft:stone_pickaxe":119,"minecraft:baked_potato":9,"minecraft:wooden_pickaxe":51,"minecraft:oak_slab":40,"minecraft:crafting_table":4,"minecraft:crossbow":3,"minecraft:white_bed":1,"some_assembly_required:sandwich":9,"minecraft:spruce_log":1,"minecraft:apple":3,"born_in_chaos_v1:monster_flesh":1,"minecraft:bread":9,"minecraft:melon_slice":9,"minecraft:iron_pickaxe":47,"cooking_with_mindthemoods:indigo_suspicious_stew":1,"create:layered_tuff":2,"minecraft:soul_lantern":2,"minecraft:potion":1,"minecraft:cobblestone":24,"born_in_chaos_v1:rotten_fish":2,"alexsmobs:animal_dictionary":1,"delightful:acorn":8},"minecraft:killed_by":{"mowziesmobs:naga":1,"minecraft:husk":5,"born_in_chaos_v1:corpse_fly":1,"minecraft:cow":1,"born_in_chaos_v1:maggot":1},"minecraft:killed":{"minecraft:spider":1,"born_in_chaos_v1:maggot":7,"minecraft:husk":30,"minecraft:sheep":1,"minecraft:pillager":1,"minecraft:goat":2,"minecraft:zombie":4,"born_in_chaos_v1:corpse_fly":2,"alexsmobs:fly":5},"minecraft:picked_up":{"minecraft:crafting_table":1,"minecraft:iron_chestplate":3,"minecraft:azure_bluet":5,"minecraft:flower_pot":2,"minecraft:brown_mushroom":1,"minecraft:potion":1,"minecraft:chain":17,"create:cut_tuff_slab":1,"create:mechanical_harvester":1,"supplementaries:candle_holder":1,"minecraft:jungle_trapdoor":3,"minecraft:string":3,"minecraft:oak_trapdoor":1,"minecraft:iron_axe":1,"memory_of_the_past:better_drop_of_knowledge":13,"quark:spruce_chest":1,"delightful:acorn":9,"minecraft:spruce_planks":10,"create:basin":2,"minecraft:calcite":1,"minecraft:written_book":2,"minecraft:rose_bush":12,"minecraft:player_head":1,"minecraft:spruce_slab":18,"minecraft:melon_slice":15,"minecraft:coal_block":2,"minecraft:chest":1,"minecraft:spruce_trapdoor":15,"minecraft:stick":28,"minecraft:spruce_fence":9,"supplementaries:netherite_door":1,"minecraft:torch":4,"quark:nether_wart_sack":1,"minecraft:spruce_stairs":12,"epicfight:skillbook":1,"minecraft:pointed_dripstone":5,"minecraft:redstone":6,"create:cut_tuff":8,"minecraft:mangrove_trapdoor":1,"minecraft:arrow":2,"minecraft:rotten_flesh":50,"supplementaries:ash_bricks_wall":1,"minecraft:glistering_melon_slice":3,"minecraft:totem_of_undying":1,"butchercraft:beef_scraps":6,"create:red_seat":1,"minecraft:iron_bars":6,"minecraft:cobblestone":53,"memory_of_the_past:lesser_drop_of_knowledge":51,"born_in_chaos_v1:corpse_maggot":6,"minecraft:feather":2,"minecraft:repeater":1,"born_in_chaos_v1:monster_flesh":2,"minecraft:iron_door":2,"minecraft:tripwire_hook":1,"minecraft:potato":3,"minecraft:oak_log":75,"born_in_chaos_v1:black_argillite_button":1,"minecraft:dirt":62,"minecraft:lantern":4,"born_in_chaos_v1:monster_skin":1,"minecraft:bone":5,"minecraft:apple":3,"minecraft:wheat_seeds":30,"born_in_chaos_v1:chipped_black_argillite_brick":1,"minecraft:stone_pickaxe":1,"minecraft:iron_ingot":18,"minecraft:glass_bottle":1,"minecraft:gray_bed":1,"minecraft:iron_sword":2,"minecraft:oak_slab":3,"minecraft:book":3,"fruitstack:corpse":22,"kitchenkarrot:pillager_pie":2,"minecraft:dark_oak_slab":21,"supplementaries:sack":3,"minecraft:sweet_berries":4,"minecraft:axolotl_bucket":1,"supplementaries:trapped_present_gray":1,"minecraft:spruce_sapling":1,"kawaiidishes:bunny_suit_white_tail":1,"minecraft:white_bed":2,"minecraft:spruce_log":10,"supplementaries:netherite_trapdoor":1,"quark:white_shingles":1,"alexsmobs:bison_carpet":8,"alexsmobs:animal_dictionary":3,"biomesoplenty:flowering_oak_sapling":7,"butchercraft:leather_scrap":3,"create:layered_tuff":4,"supplementaries:bamboo_spikes":1,"some_assembly_required:sandwich":7,"minecraft:soul_lantern":2,"minecraft:polished_blackstone_button":1,"minecraft:dead_brain_coral_block":1,"minecraft:iron_helmet":1,"minecraft:crossbow":1,"minecraft:golden_apple":1,"cfm:spruce_table":5,"minecraft:bread":11,"alexsmobs:maggot":11,"pfm:furniture_book":2,"minecraft:oak_sapling":24,"born_in_chaos_v1:rotten_fish":2,"minecraft:coal":44},"minecraft:custom":{"minecraft:mob_kills":55,"minecraft:interact_with_crafting_table":16,"minecraft:open_barrel":19,"minecraft:damage_dealt_resisted":10,"minecraft:leave_game":1,"minecraft:time_since_death":81114,"minecraft:climb_one_cm":16020,"minecraft:sprint_one_cm":701334,"minecraft:walk_one_cm":858828,"minecraft:drop":70,"minecraft:talked_to_villager":10,"minecraft:play_time":153770,"minecraft:deaths":9,"minecraft:sneak_time":2562,"minecraft:walk_under_water_one_cm":3868,"minecraft:boat_one_cm":69361,"minecraft:jump":817,"minecraft:interact_with_blast_furnace":3,"minecraft:walk_on_water_one_cm":16275,"minecraft:total_world_time":153770,"minecraft:interact_with_furnace":3,"minecraft:tune_noteblock":7,"minecraft:sleep_in_bed":8,"minecraft:time_since_rest":5866,"minecraft:damage_absorbed":80,"minecraft:damage_taken":4449,"minecraft:trigger_trapped_chest":6,"minecraft:damage_dealt":20675,"minecraft:swim_one_cm":15713,"minecraft:fly_one_cm":86253,"minecraft:player_kills":3,"minecraft:open_chest":68,"minecraft:crouch_one_cm":8158,"minecraft:fall_one_cm":17820},"minecraft:crafted":{"minecraft:oak_planks":204,"minecraft:iron_boots":1,"minecraft:iron_axe":1,"minecraft:spruce_slab":30,"minecraft:stone_pickaxe":1,"minecraft:oak_slab":42,"minecraft:crafting_table":3,"minecraft:spruce_planks":34,"minecraft:baked_potato":10,"minecraft:wooden_pickaxe":1,"minecraft:iron_sword":2,"minecraft:stick":36,"minecraft:iron_pickaxe":1,"minecraft:stone_sword":1,"minecraft:iron_leggings":1,"minecraft:torch":8},"minecraft:mined":{"create:cut_tuff":10,"minecraft:spruce_planks":10,"minecraft:white_bed":2,"supplementaries:candle_holder":1,"minecraft:spruce_trapdoor":5,"minecraft:spruce_fence":10,"minecraft:grass_block":7,"biomesoplenty:flowering_oak_leaves":1,"minecraft:redstone_wire":5,"minecraft:coal_block":2,"minecraft:mangrove_trapdoor":1,"minecraft:polished_blackstone_button":1,"supplementaries:bamboo_spikes":1,"minecraft:fire":1,"biomesoplenty:lavender":1,"treechop:chopped_log":4,"supplementaries:trapped_present_gray":1,"quark:nether_wart_sack":1,"minecraft:bookshelf":1,"minecraft:pointed_dripstone":4,"minecraft:iron_bars":8,"minecraft:lantern":1,"minecraft:stone":41,"minecraft:player_head":1,"minecraft:cake":1,"minecraft:spruce_slab":24,"minecraft:jungle_trapdoor":3,"minecraft:oak_slab":2,"quark:iron_pillar":2,"minecraft:soul_lantern":2,"minecraft:crafting_table":1,"minecraft:torch":1,"minecraft:sponge":1,"supplementaries:ash_bricks_wall":1,"minecraft:chest":1,"minecraft:rose_bush":3,"supplementaries:sack":3,"minecraft:tall_grass":6,"minecraft:cobblestone":10,"cfm:spruce_table":1,"biomesoplenty:sprout":6,"minecraft:iron_door":2,"minecraft:wall_torch":3,"create:basin":2,"supplementaries:urn":2,"minecraft:spruce_stairs":14,"minecraft:chain":17,"create:mechanical_harvester":1,"minecraft:dark_oak_slab":13,"minecraft:spruce_log":1,"minecraft:gray_bed":1,"quark:white_shingles":2,"some_assembly_required:sandwich":2,"quark:rusty_iron_plate":1,"minecraft:grass":33,"minecraft:dead_brain_coral_block":1,"minecraft:oak_log":32,"minecraft:coal_ore":45,"quark:spruce_chest":1,"minecraft:sunflower":2,"minecraft:flower_pot":2,"minecraft:dirt":14,"minecraft:cobweb":1,"minecraft:tripwire_hook":1,"create:layered_tuff":4,"minecraft:oak_leaves":1},"minecraft:dropped":{"minecraft:iron_ingot":1,"minecraft:bread":6,"butchercraft:leather_scrap":3,"minecraft:wheat_seeds":30,"memory_of_the_past:better_drop_of_knowledge":2,"minecraft:glass_bottle":1,"minecraft:crossbow":1,"minecraft:iron_helmet":1,"kitchenkarrot:pillager_pie":1,"born_in_chaos_v1:monster_flesh":1,"minecraft:dirt":7,"minecraft:rose_bush":12,"minecraft:glistering_melon_slice":3,"minecraft:string":2,"minecraft:bone":5,"minecraft:sweet_berries":6,"alexsmobs:animal_dictionary":4,"farmersdelight:cabbage_seeds":5,"fruitstack:corpse":11,"minecraft:iron_boots":1,"cfm:spruce_table":5,"minecraft:azure_bluet":3,"minecraft:pumpkin_seeds":6,"minecraft:potato":1,"alexsmobs:bison_carpet":1,"minecraft:spruce_trapdoor":1,"minecraft:iron_chestplate":2,"pfm:furniture_book":3,"minecraft:arrow":2,"minecraft:written_book":2}},"DataVersion":3120}