{"stats":{"minecraft:dropped":{"minecraft:sweet_berries":6,"alexsmobs:animal_dictionary":4,"minecraft:azure_bluet":2,"minecraft:potato":1,"minecraft:spruce_trapdoor":1,"pfm:furniture_book":3},"minecraft:mined":{"minecraft:white_bed":1,"minecraft:soul_lantern":2,"minecraft:torch":1,"minecraft:spruce_trapdoor":1,"minecraft:grass_block":5,"minecraft:rose_bush":3,"minecraft:coal_block":2,"minecraft:cobblestone":1,"cfm:spruce_table":1,"biomesoplenty:sprout":1,"minecraft:wall_torch":3,"some_assembly_required:sandwich":2,"minecraft:grass":3,"minecraft:bookshelf":1,"minecraft:pointed_dripstone":4,"minecraft:coal_ore":26,"minecraft:sunflower":2,"minecraft:dirt":12,"minecraft:stone":27},"minecraft:broken":{"minecraft:stone_sword":1,"minecraft:wooden_pickaxe":1},"minecraft:used":{"minecraft:stone_sword":130,"minecraft:stone_pickaxe":32,"minecraft:wooden_pickaxe":51,"minecraft:iron_sword":53,"minecraft:torch":12,"minecraft:dirt":29,"minecraft:crafting_table":2,"minecraft:white_bed":1,"born_in_chaos_v1:monster_flesh":1,"minecraft:bread":5,"minecraft:cobblestone":8,"born_in_chaos_v1:rotten_fish":2,"alexsmobs:animal_dictionary":1,"minecraft:potato":41},"minecraft:killed":{"minecraft:husk":13,"born_in_chaos_v1:corpse_fly":2,"alexsmobs:fly":1},"minecraft:killed_by":{"mowziesmobs:naga":1,"minecraft:husk":2,"born_in_chaos_v1:corpse_fly":1},"minecraft:picked_up":{"memory_of_the_past:lesser_drop_of_knowledge":7,"born_in_chaos_v1:corpse_maggot":3,"minecraft:iron_chestplate":1,"minecraft:azure_bluet":4,"born_in_chaos_v1:monster_flesh":1,"minecraft:potato":2,"minecraft:potion":1,"minecraft:dirt":31,"memory_of_the_past:better_drop_of_knowledge":2,"minecraft:bone":3,"minecraft:iron_ingot":16,"minecraft:rose_bush":3,"minecraft:coal_block":2,"minecraft:spruce_trapdoor":1,"minecraft:book":3,"fruitstack:corpse":3,"minecraft:sweet_berries":4,"minecraft:torch":4,"minecraft:spruce_sapling":1,"minecraft:pointed_dripstone":5,"minecraft:white_bed":1,"minecraft:spruce_log":9,"alexsmobs:animal_dictionary":3,"minecraft:rotten_flesh":6,"some_assembly_required:sandwich":6,"minecraft:soul_lantern":2,"minecraft:iron_helmet":1,"cfm:spruce_table":1,"pfm:furniture_book":2,"born_in_chaos_v1:rotten_fish":2,"minecraft:coal":25,"minecraft:cobblestone":28},"minecraft:crafted":{"minecraft:crafting_table":2,"minecraft:spruce_planks":34,"minecraft:wooden_pickaxe":1,"minecraft:baked_potato":10,"minecraft:iron_sword":1,"minecraft:stick":12,"minecraft:stone_pickaxe":1,"minecraft:stone_sword":1,"minecraft:torch":8},"minecraft:custom":{"minecraft:interact_with_furnace":3,"minecraft:mob_kills":19,"minecraft:interact_with_crafting_table":7,"minecraft:tune_noteblock":7,"minecraft:time_since_death":4672,"minecraft:sleep_in_bed":1,"minecraft:time_since_rest":4793,"minecraft:sprint_one_cm":194509,"minecraft:walk_one_cm":194692,"minecraft:damage_taken":1650,"minecraft:drop":14,"minecraft:damage_dealt":5756,"minecraft:swim_one_cm":7711,"minecraft:player_kills":1,"minecraft:fly_one_cm":19793,"minecraft:open_chest":3,"minecraft:crouch_one_cm":3300,"minecraft:play_time":44090,"minecraft:deaths":4,"minecraft:sneak_time":1572,"minecraft:walk_under_water_one_cm":2690,"minecraft:jump":326,"minecraft:interact_with_blast_furnace":1,"minecraft:walk_on_water_one_cm":5340,"minecraft:total_world_time":44090,"minecraft:fall_one_cm":8211}},"DataVersion":3120}