{"stats":{"minecraft:mined":{"minecraft:grass":2,"minecraft:grass_block":2,"minecraft:coal_ore":8,"minecraft:rose_bush":2,"minecraft:sunflower":1,"minecraft:dirt":5,"biomesoplenty:sprout":1},"minecraft:used":{"minecraft:dirt":3,"minecraft:crafting_table":1,"alexsmobs:animal_dictionary":1,"minecraft:wooden_pickaxe":9},"minecraft:picked_up":{"fruitstack:corpse":1,"memory_of_the_past:lesser_drop_of_knowledge":1,"memory_of_the_past:better_drop_of_knowledge":1,"minecraft:bone":1,"minecraft:rose_bush":3,"minecraft:spruce_sapling":1,"minecraft:spruce_log":9,"minecraft:coal":8,"minecraft:dirt":9},"minecraft:crafted":{"minecraft:torch":8,"minecraft:crafting_table":1,"minecraft:spruce_planks":34,"minecraft:stick":12,"minecraft:wooden_pickaxe":1},"minecraft:custom":{"minecraft:time_since_rest":8090,"minecraft:sprint_one_cm":181,"minecraft:play_time":8090,"minecraft:damage_taken":180,"minecraft:walk_one_cm":34658,"minecraft:jump":40,"minecraft:damage_dealt":244,"minecraft:time_since_death":8090,"minecraft:total_world_time":8090,"minecraft:interact_with_crafting_table":4,"minecraft:player_kills":1,"minecraft:fall_one_cm":819,"minecraft:fly_one_cm":199}},"DataVersion":3120}