{"stats":{"minecraft:dropped":{"minecraft:iron_ingot":1,"minecraft:bread":6,"minecraft:sweet_berries":6,"alexsmobs:animal_dictionary":4,"cfm:spruce_table":1,"minecraft:azure_bluet":3,"minecraft:pumpkin_seeds":6,"minecraft:dirt":5,"minecraft:potato":1,"minecraft:spruce_trapdoor":1,"minecraft:rose_bush":12,"pfm:furniture_book":3},"minecraft:mined":{"minecraft:spruce_planks":5,"minecraft:white_bed":1,"minecraft:soul_lantern":2,"minecraft:torch":1,"minecraft:spruce_trapdoor":1,"minecraft:grass_block":5,"minecraft:chest":1,"minecraft:rose_bush":3,"minecraft:coal_block":2,"minecraft:cobblestone":1,"cfm:spruce_table":1,"biomesoplenty:sprout":1,"minecraft:wall_torch":3,"minecraft:spruce_stairs":2,"biomesoplenty:lavender":1,"some_assembly_required:sandwich":2,"minecraft:grass":9,"minecraft:bookshelf":1,"minecraft:pointed_dripstone":4,"minecraft:coal_ore":26,"minecraft:sunflower":2,"minecraft:dirt":13,"minecraft:stone":27,"minecraft:player_head":1},"minecraft:broken":{"minecraft:stone_sword":1,"minecraft:iron_sword":1,"minecraft:wooden_pickaxe":1},"minecraft:used":{"epicfight:skillbook":1,"minecraft:stone_sword":130,"minecraft:baked_potato":5,"minecraft:stone_pickaxe":38,"minecraft:spruce_planks":3,"minecraft:wooden_pickaxe":51,"minecraft:iron_sword":261,"minecraft:torch":12,"minecraft:dirt":31,"minecraft:crafting_table":2,"some_assembly_required:sandwich":4,"minecraft:spruce_stairs":1,"minecraft:white_bed":1,"born_in_chaos_v1:monster_flesh":1,"minecraft:bread":5,"minecraft:soul_lantern":2,"minecraft:cobblestone":8,"born_in_chaos_v1:rotten_fish":2,"alexsmobs:animal_dictionary":1,"minecraft:potato":41},"minecraft:killed":{"minecraft:husk":30,"born_in_chaos_v1:maggot":7,"minecraft:sheep":1,"born_in_chaos_v1:corpse_fly":2,"alexsmobs:fly":2},"minecraft:killed_by":{"mowziesmobs:naga":1,"minecraft:husk":5,"born_in_chaos_v1:corpse_fly":1,"minecraft:cow":1},"minecraft:picked_up":{"memory_of_the_past:lesser_drop_of_knowledge":38,"born_in_chaos_v1:corpse_maggot":6,"minecraft:iron_chestplate":1,"minecraft:azure_bluet":5,"born_in_chaos_v1:monster_flesh":1,"minecraft:potato":2,"minecraft:potion":1,"minecraft:dirt":36,"memory_of_the_past:better_drop_of_knowledge":8,"minecraft:bone":3,"minecraft:spruce_planks":5,"minecraft:player_head":1,"minecraft:iron_ingot":18,"minecraft:calcite":1,"minecraft:rose_bush":12,"minecraft:coal_block":2,"minecraft:chest":1,"minecraft:spruce_trapdoor":1,"minecraft:book":3,"fruitstack:corpse":9,"minecraft:sweet_berries":4,"minecraft:torch":4,"minecraft:spruce_stairs":1,"epicfight:skillbook":1,"minecraft:spruce_sapling":1,"kawaiidishes:bunny_suit_white_tail":1,"minecraft:pointed_dripstone":5,"minecraft:white_bed":1,"minecraft:spruce_log":10,"alexsmobs:animal_dictionary":3,"butchercraft:leather_scrap":1,"minecraft:rotten_flesh":38,"some_assembly_required:sandwich":6,"minecraft:soul_lantern":2,"minecraft:iron_helmet":1,"butchercraft:beef_scraps":6,"cfm:spruce_table":1,"alexsmobs:maggot":8,"pfm:furniture_book":2,"born_in_chaos_v1:rotten_fish":2,"minecraft:coal":25,"minecraft:cobblestone":28},"minecraft:crafted":{"minecraft:crafting_table":2,"minecraft:spruce_planks":34,"minecraft:wooden_pickaxe":1,"minecraft:baked_potato":10,"minecraft:iron_sword":2,"minecraft:iron_boots":1,"minecraft:stick":12,"minecraft:stone_pickaxe":1,"minecraft:stone_sword":1,"minecraft:iron_leggings":1,"minecraft:torch":8},"minecraft:custom":{"minecraft:interact_with_furnace":3,"minecraft:mob_kills":44,"minecraft:interact_with_crafting_table":10,"minecraft:tune_noteblock":7,"minecraft:damage_dealt_resisted":10,"minecraft:time_since_death":1975,"minecraft:sleep_in_bed":3,"minecraft:time_since_rest":113,"minecraft:sprint_one_cm":295979,"minecraft:walk_one_cm":295213,"minecraft:damage_taken":3055,"minecraft:drop":28,"minecraft:damage_dealt":15733,"minecraft:swim_one_cm":7711,"minecraft:player_kills":2,"minecraft:fly_one_cm":32187,"minecraft:open_chest":11,"minecraft:crouch_one_cm":4892,"minecraft:play_time":68090,"minecraft:deaths":8,"minecraft:sneak_time":1943,"minecraft:walk_under_water_one_cm":2690,"minecraft:jump":436,"minecraft:interact_with_blast_furnace":1,"minecraft:walk_on_water_one_cm":5340,"minecraft:total_world_time":68090,"minecraft:fall_one_cm":10650}},"DataVersion":3120}