{"stats":{"minecraft:broken":{"minecraft:stone_pickaxe":1,"minecraft:iron_sword":1,"minecraft:stone_sword":1,"minecraft:wooden_pickaxe":1,"minecraft:iron_axe":1},"minecraft:used":{"minecraft:spruce_slab":37,"minecraft:iron_sword":791,"minecraft:player_head":1,"minecraft:lantern":4,"minecraft:dark_oak_slab":17,"minecraft:written_book":3,"minecraft:gray_bed":1,"minecraft:potato":41,"create:cut_tuff":1,"epicfight:skillbook":1,"minecraft:stone_pickaxe":119,"minecraft:wooden_pickaxe":51,"minecraft:golden_apple":1,"minecraft:crossbow":3,"some_assembly_required:sandwich":9,"minecraft:melon_slice":13,"born_in_chaos_v1:monster_flesh":1,"minecraft:bread":14,"minecraft:soul_lantern":2,"born_in_chaos_v1:rotten_fish":2,"minecraft:chain":1,"delightful:acorn":8,"minecraft:stone_sword":130,"minecraft:spruce_planks":13,"minecraft:torch":12,"minecraft:dirt":69,"minecraft:spruce_stairs":1,"quark:white_shingles":5,"alexsmobs:maggot":1,"born_in_chaos_v1:chipped_black_argillite_brick":1,"born_in_chaos_v1:black_argillite_button":1,"quark:spruce_chest":1,"minecraft:iron_axe":431,"minecraft:totem_of_undying":1,"supplementaries:sack":1,"quark:cobblestone_bricks":4,"minecraft:baked_potato":9,"minecraft:oak_slab":84,"minecraft:crafting_table":4,"minecraft:white_bed":1,"minecraft:spruce_log":1,"minecraft:oak_log":7,"minecraft:apple":3,"minecraft:iron_pickaxe":157,"cooking_with_mindthemoods:indigo_suspicious_stew":1,"create:layered_tuff":2,"minecraft:cobblestone":37,"minecraft:potion":1,"travelersbackpack:standard":1,"alexsmobs:animal_dictionary":1},"minecraft:killed_by":{"mowziesmobs:naga":1,"born_in_chaos_v1:corpse_fly":1,"alexsmobs:murmur_head":1,"minecraft:zombie":1,"minecraft:cow":1,"minecraft:husk":5,"minecraft:goat":1,"born_in_chaos_v1:maggot":1},"minecraft:killed":{"minecraft:spider":3,"alexsmobs:murmur":2,"minecraft:chicken":1,"minecraft:creeper":1,"minecraft:sheep":5,"minecraft:pillager":1,"minecraft:goat":4,"minecraft:zombie":4,"born_in_chaos_v1:corpse_fly":2,"alexsmobs:fly":5,"born_in_chaos_v1:maggot":8,"alexsmobs:murmur_head":1,"minecraft:husk":30,"born_in_chaos_v1:decrepit_skeleton":1,"alexsmobs:cockroach":1,"quark:wraith":1},"minecraft:picked_up":{"minecraft:iron_chestplate":3,"minecraft:flower_pot":2,"minecraft:potion":1,"create:cut_tuff_slab":1,"supplementaries:candle_holder":1,"minecraft:string":7,"extradelight:corn_seeds":13,"minecraft:spruce_planks":21,"delightful:acorn":9,"minecraft:rose_bush":165,"minecraft:written_book":2,"minecraft:calcite":1,"minecraft:coal_block":2,"minecraft:melon_slice":19,"minecraft:stick":50,"minecraft:torch":4,"supplementaries:netherite_door":1,"minecraft:spruce_stairs":17,"quark:nether_wart_sack":1,"epicfight:skillbook":3,"minecraft:pointed_dripstone":5,"minecraft:rotten_flesh":50,"minecraft:mangrove_roots":2,"minecraft:white_terracotta":12,"create:red_seat":1,"minecraft:iron_bars":6,"minecraft:cobblestone":76,"minecraft:feather":3,"minecraft:repeater":1,"minecraft:iron_door":2,"minecraft:andesite":4,"minecraft:brown_wool":1,"minecraft:potato":3,"born_in_chaos_v1:black_argillite_button":1,"minecraft:lantern":5,"minecraft:dirt":78,"born_in_chaos_v1:monster_skin":1,"minecraft:bone":6,"minecraft:wheat_seeds":90,"quark:soul_bead":1,"fruitstack:corpse":25,"kitchenkarrot:pillager_pie":2,"quark:cyan_shingles_stairs":1,"minecraft:axolotl_bucket":1,"supplementaries:trapped_present_gray":1,"supplementaries:netherite_trapdoor":1,"alexsmobs:animal_dictionary":3,"alexsmobs:bison_carpet":8,"some_assembly_required:sandwich":7,"supplementaries:bamboo_spikes":1,"minecraft:soul_lantern":2,"minecraft:polished_blackstone_button":1,"minecraft:dead_brain_coral_block":1,"minecraft:crossbow":1,"minecraft:golden_apple":1,"minecraft:bread":11,"alexsmobs:maggot":11,"pfm:furniture_book":2,"born_in_chaos_v1:rotten_fish":2,"minecraft:oak_sapling":25,"minecraft:crafting_table":1,"minecraft:azure_bluet":5,"minecraft:brown_mushroom":1,"minecraft:chain":19,"create:mechanical_harvester":1,"minecraft:jungle_trapdoor":4,"minecraft:oak_trapdoor":1,"minecraft:iron_axe":1,"butchercraft:cooked_lamb_scraps":4,"memory_of_the_past:better_drop_of_knowledge":19,"quark:spruce_chest":1,"alexsmobs:elastic_tendon":2,"minecraft:player_head":1,"create:basin":2,"quark:dripstone_bricks":1,"minecraft:spruce_slab":23,"minecraft:chest":1,"minecraft:spruce_trapdoor":20,"quark:mossy_cobblestone_bricks":1,"minecraft:egg":1,"minecraft:spruce_fence":13,"minecraft:redstone":6,"create:cut_tuff":8,"minecraft:mangrove_trapdoor":1,"butchercraft:chicken_scraps":1,"minecraft:arrow":2,"supplementaries:ash_bricks_wall":1,"minecraft:totem_of_undying":1,"minecraft:glistering_melon_slice":3,"butchercraft:beef_scraps":6,"minecraft:brick_stairs":3,"minecraft:white_wool":1,"minecraft:stripped_oak_log":1,"born_in_chaos_v1:corpse_maggot":7,"memory_of_the_past:lesser_drop_of_knowledge":62,"minecraft:mud_bricks":3,"born_in_chaos_v1:monster_flesh":2,"minecraft:tripwire_hook":1,"minecraft:granite_stairs":2,"minecraft:oak_log":145,"quark:light_gray_framed_glass_pane":2,"minecraft:apple":3,"quark:azalea_post":2,"alexsmobs:cockroach_wing_fragment":1,"minecraft:iron_ingot":19,"minecraft:stone_pickaxe":1,"born_in_chaos_v1:chipped_black_argillite_brick":2,"kawaiidishes:coffee_fruit":27,"minecraft:glass_bottle":5,"minecraft:gray_bed":1,"minecraft:iron_sword":2,"minecraft:book":3,"minecraft:oak_slab":14,"minecraft:dark_oak_slab":21,"minecraft:sweet_berries":4,"supplementaries:sack":3,"fruitstack:golden_pure_sheep_horn_honey":7,"minecraft:dandelion":4,"kawaiidishes:bunny_suit_white_tail":1,"minecraft:spruce_sapling":1,"minecraft:white_bed":2,"minecraft:spruce_log":11,"quark:white_shingles":12,"minecraft:spider_eye":1,"biomesoplenty:flowering_oak_sapling":12,"quark:cobblestone_bricks":8,"butchercraft:leather_scrap":3,"travelersbackpack:standard":1,"create:layered_tuff":4,"minecraft:iron_helmet":1,"butchercraft:lamb_scraps":4,"cfm:spruce_table":5,"minecraft:coal":44},"minecraft:custom":{"minecraft:interact_with_crafting_table":16,"minecraft:open_barrel":44,"minecraft:leave_game":1,"minecraft:time_since_death":11682,"minecraft:sprint_one_cm":906466,"minecraft:drop":79,"minecraft:talked_to_villager":10,"minecraft:play_time":207770,"minecraft:deaths":13,"minecraft:jump":1133,"minecraft:walk_on_water_one_cm":16275,"minecraft:interact_with_furnace":3,"minecraft:sleep_in_bed":9,"minecraft:damage_dealt":35163,"minecraft:player_kills":3,"minecraft:crouch_one_cm":10701,"minecraft:mob_kills":73,"minecraft:damage_dealt_resisted":20,"minecraft:climb_one_cm":27530,"minecraft:walk_one_cm":1400835,"minecraft:sneak_time":2981,"minecraft:walk_under_water_one_cm":3868,"minecraft:boat_one_cm":69361,"minecraft:interact_with_blast_furnace":3,"minecraft:total_world_time":207770,"minecraft:tune_noteblock":7,"minecraft:time_since_rest":11769,"minecraft:damage_taken":5733,"minecraft:damage_absorbed":80,"minecraft:trigger_trapped_chest":6,"minecraft:swim_one_cm":15713,"minecraft:fly_one_cm":105156,"minecraft:open_chest":92,"minecraft:fall_one_cm":25664},"minecraft:crafted":{"minecraft:oak_planks":204,"minecraft:iron_boots":1,"minecraft:oak_slab":72,"minecraft:crafting_table":3,"minecraft:spruce_planks":34,"minecraft:wooden_pickaxe":1,"minecraft:baked_potato":10,"minecraft:stick":36,"minecraft:iron_pickaxe":1,"minecraft:stone_sword":1,"minecraft:iron_axe":1,"minecraft:spruce_slab":30,"minecraft:stone_pickaxe":1,"minecraft:iron_sword":2,"minecraft:iron_leggings":1,"minecraft:torch":8},"minecraft:mined":{"minecraft:spruce_planks":31,"minecraft:white_bed":2,"supplementaries:candle_holder":1,"create:andesite_casing":3,"quark:oak_leaf_carpet":2,"minecraft:spruce_trapdoor":11,"minecraft:grass_block":9,"quark:cobblestone_bricks_wall":2,"biomesoplenty:flowering_oak_leaves":2,"quark:cyan_shingles_stairs":1,"minecraft:coal_block":2,"minecraft:mud_bricks":2,"fruitstack:wild_golden_pure_sheep_horn_honey":7,"minecraft:oxeye_daisy":1,"minecraft:spawner":1,"supplementaries:candle_holder_black":1,"minecraft:fire":1,"quark:light_gray_framed_glass_pane":2,"biomesoplenty:lavender":1,"minecraft:pointed_dripstone":4,"minecraft:iron_bars":8,"quark:mossy_cobblestone_bricks":1,"minecraft:granite_stairs":2,"minecraft:player_head":1,"minecraft:spruce_slab":31,"minecraft:jungle_trapdoor":4,"quark:cobblestone_bricks_stairs":1,"minecraft:soul_lantern":2,"minecraft:torch":1,"quark:cobblestone_bricks":8,"minecraft:poppy":5,"supplementaries:ash_bricks_wall":1,"minecraft:chest":1,"minecraft:cobblestone":16,"extradelight:corn_bottom":2,"minecraft:iron_door":2,"minecraft:wall_torch":3,"create:basin":2,"minecraft:white_terracotta":13,"minecraft:chain":19,"minecraft:dark_oak_slab":13,"some_assembly_required:sandwich":2,"quark:azalea_post":2,"minecraft:grass":598,"minecraft:oak_log":57,"minecraft:dirt":19,"butchercraft:sheep_head":1,"minecraft:tripwire_hook":1,"minecraft:oak_leaves":28,"create:cut_tuff":10,"minecraft:mangrove_roots":2,"minecraft:spruce_fence":14,"minecraft:brick_stairs":4,"kawaiidishes:coffee_bush":10,"minecraft:redstone_wire":5,"minecraft:mangrove_trapdoor":1,"minecraft:polished_blackstone_button":1,"supplementaries:bamboo_spikes":1,"minecraft:andesite":12,"treechop:chopped_log":15,"supplementaries:trapped_present_gray":1,"quark:dripstone_bricks":1,"quark:nether_wart_sack":1,"minecraft:bookshelf":1,"minecraft:lantern":1,"minecraft:stripped_oak_log":1,"minecraft:stone":58,"minecraft:cake":1,"minecraft:podzol":2,"minecraft:oak_slab":13,"quark:iron_pillar":2,"minecraft:dandelion":5,"minecraft:crafting_table":1,"minecraft:sponge":1,"minecraft:rose_bush":69,"supplementaries:sack":3,"cfm:spruce_table":1,"minecraft:tall_grass":6,"born_in_chaos_v1:chipped_black_argillite_brick":1,"biomesoplenty:sprout":126,"supplementaries:urn":2,"minecraft:spruce_stairs":21,"create:mechanical_harvester":1,"minecraft:gray_bed":1,"minecraft:spruce_log":1,"quark:white_shingles":11,"quark:rusty_iron_plate":1,"minecraft:dead_brain_coral_block":1,"minecraft:coal_ore":45,"fruitstack:wild_beating_melons":5,"minecraft:sunflower":2,"quark:spruce_chest":1,"minecraft:flower_pot":2,"quark:shingles_stairs":1,"minecraft:cobweb":1,"create:layered_tuff":5},"minecraft:dropped":{"butchercraft:leather_scrap":3,"minecraft:glass_bottle":5,"minecraft:crossbow":1,"kitchenkarrot:pillager_pie":1,"born_in_chaos_v1:monster_flesh":1,"minecraft:dirt":7,"minecraft:glistering_melon_slice":3,"minecraft:bone":5,"alexsmobs:animal_dictionary":4,"fruitstack:corpse":11,"cfm:spruce_table":5,"minecraft:azure_bluet":3,"alexsmobs:bison_carpet":1,"minecraft:arrow":2,"minecraft:written_book":2,"minecraft:iron_ingot":1,"minecraft:bread":6,"minecraft:wheat_seeds":30,"memory_of_the_past:better_drop_of_knowledge":2,"minecraft:iron_helmet":1,"minecraft:rose_bush":114,"minecraft:string":2,"minecraft:sweet_berries":6,"supplementaries:sack":1,"farmersdelight:cabbage_seeds":5,"minecraft:iron_boots":1,"minecraft:pumpkin_seeds":6,"minecraft:potato":1,"minecraft:spruce_trapdoor":1,"minecraft:iron_chestplate":2,"minecraft:oak_sapling":1,"pfm:furniture_book":3,"epicfight:skillbook":1}},"DataVersion":3120}