{"stats":{"minecraft:broken":{"minecraft:stone_sword":1,"minecraft:wooden_pickaxe":1,"minecraft:iron_sword":1},"minecraft:used":{"minecraft:stone_sword":130,"minecraft:spruce_planks":3,"minecraft:iron_sword":459,"minecraft:player_head":1,"minecraft:torch":12,"minecraft:dirt":35,"minecraft:spruce_stairs":1,"alexsmobs:maggot":1,"minecraft:lantern":2,"minecraft:written_book":3,"minecraft:potato":41,"epicfight:skillbook":1,"minecraft:stone_pickaxe":38,"minecraft:baked_potato":9,"minecraft:wooden_pickaxe":51,"minecraft:crafting_table":2,"minecraft:white_bed":1,"some_assembly_required:sandwich":7,"born_in_chaos_v1:monster_flesh":1,"minecraft:bread":7,"minecraft:melon_slice":2,"minecraft:iron_pickaxe":38,"minecraft:soul_lantern":2,"minecraft:cobblestone":14,"born_in_chaos_v1:rotten_fish":2,"alexsmobs:animal_dictionary":1},"minecraft:killed_by":{"mowziesmobs:naga":1,"minecraft:husk":5,"born_in_chaos_v1:corpse_fly":1,"minecraft:cow":1,"born_in_chaos_v1:maggot":1},"minecraft:killed":{"minecraft:spider":1,"born_in_chaos_v1:maggot":7,"minecraft:husk":30,"minecraft:sheep":1,"minecraft:pillager":1,"minecraft:goat":2,"minecraft:zombie":4,"born_in_chaos_v1:corpse_fly":2,"alexsmobs:fly":5},"minecraft:picked_up":{"minecraft:iron_chestplate":2,"minecraft:azure_bluet":5,"minecraft:potion":1,"memory_of_the_past:better_drop_of_knowledge":12,"minecraft:spruce_planks":5,"minecraft:calcite":1,"minecraft:written_book":2,"minecraft:rose_bush":12,"minecraft:player_head":1,"minecraft:melon_slice":9,"minecraft:coal_block":2,"minecraft:chest":1,"minecraft:spruce_trapdoor":1,"minecraft:torch":4,"minecraft:spruce_stairs":1,"epicfight:skillbook":1,"minecraft:pointed_dripstone":5,"minecraft:arrow":2,"minecraft:rotten_flesh":50,"minecraft:glistering_melon_slice":3,"minecraft:totem_of_undying":1,"butchercraft:beef_scraps":6,"create:red_seat":1,"minecraft:cobblestone":42,"memory_of_the_past:lesser_drop_of_knowledge":51,"born_in_chaos_v1:corpse_maggot":6,"minecraft:feather":2,"born_in_chaos_v1:monster_flesh":2,"minecraft:potato":3,"minecraft:dirt":62,"minecraft:lantern":4,"born_in_chaos_v1:monster_skin":1,"minecraft:bone":4,"minecraft:wheat_seeds":24,"minecraft:iron_ingot":18,"minecraft:book":3,"fruitstack:corpse":22,"kitchenkarrot:pillager_pie":2,"minecraft:sweet_berries":4,"minecraft:spruce_sapling":1,"kawaiidishes:bunny_suit_white_tail":1,"minecraft:white_bed":2,"minecraft:spruce_log":10,"alexsmobs:bison_carpet":1,"alexsmobs:animal_dictionary":3,"butchercraft:leather_scrap":3,"some_assembly_required:sandwich":6,"minecraft:soul_lantern":2,"minecraft:iron_helmet":1,"minecraft:crossbow":1,"cfm:spruce_table":1,"minecraft:bread":4,"alexsmobs:maggot":11,"pfm:furniture_book":2,"born_in_chaos_v1:rotten_fish":2,"minecraft:coal":44},"minecraft:custom":{"minecraft:mob_kills":54,"minecraft:interact_with_crafting_table":10,"minecraft:damage_dealt_resisted":10,"minecraft:leave_game":1,"minecraft:time_since_death":15114,"minecraft:sprint_one_cm":455263,"minecraft:walk_one_cm":364283,"minecraft:drop":63,"minecraft:talked_to_villager":3,"minecraft:play_time":87770,"minecraft:deaths":9,"minecraft:sneak_time":2009,"minecraft:walk_under_water_one_cm":3262,"minecraft:boat_one_cm":24694,"minecraft:jump":577,"minecraft:interact_with_blast_furnace":1,"minecraft:walk_on_water_one_cm":14826,"minecraft:total_world_time":87770,"minecraft:interact_with_furnace":3,"minecraft:tune_noteblock":7,"minecraft:sleep_in_bed":3,"minecraft:time_since_rest":15160,"minecraft:damage_taken":3689,"minecraft:trigger_trapped_chest":1,"minecraft:damage_dealt":20195,"minecraft:swim_one_cm":9524,"minecraft:fly_one_cm":58302,"minecraft:player_kills":3,"minecraft:open_chest":20,"minecraft:crouch_one_cm":5433,"minecraft:fall_one_cm":11881},"minecraft:crafted":{"minecraft:iron_boots":1,"minecraft:stone_pickaxe":1,"minecraft:crafting_table":2,"minecraft:spruce_planks":34,"minecraft:baked_potato":10,"minecraft:wooden_pickaxe":1,"minecraft:iron_sword":2,"minecraft:stick":12,"minecraft:stone_sword":1,"minecraft:iron_leggings":1,"minecraft:torch":8},"minecraft:mined":{"minecraft:spruce_planks":5,"minecraft:white_bed":2,"minecraft:spruce_trapdoor":1,"minecraft:grass_block":7,"minecraft:coal_block":2,"biomesoplenty:lavender":1,"minecraft:bookshelf":1,"minecraft:pointed_dripstone":4,"minecraft:lantern":1,"minecraft:stone":41,"minecraft:player_head":1,"quark:iron_pillar":2,"minecraft:soul_lantern":2,"minecraft:torch":1,"minecraft:chest":1,"minecraft:rose_bush":3,"minecraft:tall_grass":6,"minecraft:cobblestone":1,"cfm:spruce_table":1,"biomesoplenty:sprout":1,"minecraft:wall_torch":3,"minecraft:spruce_stairs":2,"some_assembly_required:sandwich":2,"quark:rusty_iron_plate":1,"minecraft:grass":26,"minecraft:coal_ore":45,"minecraft:sunflower":2,"minecraft:dirt":14},"minecraft:dropped":{"minecraft:iron_ingot":1,"minecraft:bread":6,"butchercraft:leather_scrap":3,"minecraft:wheat_seeds":24,"memory_of_the_past:better_drop_of_knowledge":2,"minecraft:crossbow":1,"minecraft:iron_helmet":1,"kitchenkarrot:pillager_pie":1,"born_in_chaos_v1:monster_flesh":1,"minecraft:dirt":7,"minecraft:rose_bush":12,"minecraft:glistering_melon_slice":3,"minecraft:bone":5,"minecraft:sweet_berries":6,"alexsmobs:animal_dictionary":4,"farmersdelight:cabbage_seeds":5,"fruitstack:corpse":11,"minecraft:iron_boots":1,"cfm:spruce_table":1,"minecraft:azure_bluet":3,"minecraft:pumpkin_seeds":6,"minecraft:potato":1,"alexsmobs:bison_carpet":1,"minecraft:spruce_trapdoor":1,"minecraft:iron_chestplate":1,"pfm:furniture_book":3,"minecraft:arrow":2,"minecraft:written_book":2}},"DataVersion":3120}