{"stats":{"minecraft:dropped":{"minecraft:potato":1,"alexsmobs:animal_dictionary":4,"pfm:furniture_book":3},"minecraft:mined":{"minecraft:white_bed":1,"some_assembly_required:sandwich":2,"minecraft:torch":1,"minecraft:grass":3,"minecraft:coal_ore":8,"minecraft:grass_block":4,"minecraft:rose_bush":3,"minecraft:sunflower":2,"minecraft:dirt":10,"minecraft:cobblestone":1,"cfm:spruce_table":1,"biomesoplenty:sprout":1,"minecraft:stone":26,"minecraft:wall_torch":3},"minecraft:broken":{"minecraft:wooden_pickaxe":1},"minecraft:used":{"minecraft:stone_sword":10,"born_in_chaos_v1:monster_flesh":1,"minecraft:bread":3,"minecraft:stone_pickaxe":2,"minecraft:wooden_pickaxe":51,"minecraft:torch":8,"minecraft:dirt":26,"minecraft:cobblestone":8,"born_in_chaos_v1:rotten_fish":2,"minecraft:crafting_table":1,"alexsmobs:animal_dictionary":1,"minecraft:potato":41},"minecraft:killed":{"born_in_chaos_v1:corpse_fly":2},"minecraft:killed_by":{"mowziesmobs:naga":1,"born_in_chaos_v1:corpse_fly":1},"minecraft:picked_up":{"fruitstack:corpse":2,"born_in_chaos_v1:corpse_maggot":3,"memory_of_the_past:lesser_drop_of_knowledge":3,"minecraft:iron_chestplate":1,"minecraft:azure_bluet":1,"born_in_chaos_v1:monster_flesh":1,"minecraft:torch":3,"minecraft:potato":1,"minecraft:spruce_sapling":1,"minecraft:white_bed":1,"minecraft:spruce_log":9,"alexsmobs:animal_dictionary":3,"minecraft:dirt":28,"memory_of_the_past:better_drop_of_knowledge":1,"some_assembly_required:sandwich":6,"minecraft:bone":3,"minecraft:rotten_flesh":3,"minecraft:iron_helmet":1,"minecraft:rose_bush":3,"cfm:spruce_table":1,"pfm:furniture_book":2,"born_in_chaos_v1:rotten_fish":2,"minecraft:coal":8,"minecraft:cobblestone":27},"minecraft:crafted":{"minecraft:crafting_table":1,"minecraft:spruce_planks":34,"minecraft:stick":12,"minecraft:baked_potato":10,"minecraft:stone_pickaxe":1,"minecraft:wooden_pickaxe":1,"minecraft:stone_sword":1,"minecraft:torch":8},"minecraft:custom":{"minecraft:time_since_rest":6128,"minecraft:interact_with_furnace":3,"minecraft:sprint_one_cm":117035,"minecraft:damage_taken":1110,"minecraft:walk_one_cm":159407,"minecraft:mob_kills":3,"minecraft:drop":8,"minecraft:damage_dealt":563,"minecraft:swim_one_cm":7711,"minecraft:interact_with_crafting_table":6,"minecraft:fly_one_cm":15415,"minecraft:player_kills":1,"minecraft:open_chest":3,"minecraft:crouch_one_cm":3115,"minecraft:play_time":32090,"minecraft:walk_under_water_one_cm":2690,"minecraft:deaths":2,"minecraft:sneak_time":1503,"minecraft:jump":250,"minecraft:interact_with_blast_furnace":1,"minecraft:walk_on_water_one_cm":4820,"minecraft:time_since_death":18935,"minecraft:sleep_in_bed":1,"minecraft:total_world_time":32090,"minecraft:fall_one_cm":8211}},"DataVersion":3120}