{"stats":{"minecraft:dropped":{"pfm:furniture_book":1},"minecraft:mined":{"minecraft:torch":1,"minecraft:grass":3,"minecraft:coal_ore":8,"minecraft:grass_block":4,"minecraft:rose_bush":3,"minecraft:sunflower":2,"minecraft:dirt":10,"biomesoplenty:sprout":1,"minecraft:stone":26,"minecraft:wall_torch":3},"minecraft:broken":{"minecraft:wooden_pickaxe":1},"minecraft:used":{"born_in_chaos_v1:monster_flesh":1,"minecraft:wooden_pickaxe":51,"minecraft:torch":7,"minecraft:dirt":26,"minecraft:cobblestone":8,"born_in_chaos_v1:rotten_fish":2,"minecraft:crafting_table":1,"alexsmobs:animal_dictionary":1},"minecraft:killed":{"born_in_chaos_v1:corpse_fly":2},"minecraft:killed_by":{"mowziesmobs:naga":1,"born_in_chaos_v1:corpse_fly":1},"minecraft:picked_up":{"fruitstack:corpse":2,"born_in_chaos_v1:corpse_maggot":3,"memory_of_the_past:lesser_drop_of_knowledge":2,"minecraft:iron_chestplate":1,"minecraft:azure_bluet":1,"born_in_chaos_v1:monster_flesh":1,"minecraft:torch":3,"minecraft:spruce_sapling":1,"minecraft:spruce_log":9,"minecraft:dirt":28,"memory_of_the_past:better_drop_of_knowledge":1,"minecraft:bone":1,"minecraft:rotten_flesh":3,"minecraft:iron_helmet":1,"minecraft:rose_bush":3,"pfm:furniture_book":1,"born_in_chaos_v1:rotten_fish":2,"minecraft:coal":8,"minecraft:cobblestone":26},"minecraft:crafted":{"minecraft:crafting_table":1,"minecraft:spruce_planks":34,"minecraft:stick":12,"minecraft:wooden_pickaxe":1,"minecraft:torch":8},"minecraft:custom":{"minecraft:time_since_rest":7004,"minecraft:sprint_one_cm":60558,"minecraft:damage_taken":850,"minecraft:walk_one_cm":117202,"minecraft:mob_kills":3,"minecraft:drop":1,"minecraft:damage_dealt":413,"minecraft:interact_with_crafting_table":5,"minecraft:fly_one_cm":10519,"minecraft:player_kills":1,"minecraft:open_chest":1,"minecraft:crouch_one_cm":166,"minecraft:play_time":20090,"minecraft:deaths":2,"minecraft:sneak_time":10,"minecraft:jump":197,"minecraft:time_since_death":6935,"minecraft:total_world_time":20090,"minecraft:fall_one_cm":4823}},"DataVersion":3120}